timestamp,threadId,minimumStack
3340,1,14796
3317,3,15748
3387,4,16204
2428,5,16256
2513,6,15676
3062,7,16180
2362,8,16180
3389,10,1436
2393,16,15408
4379,1,14796
4316,3,15748
4388,4,16204
3406,5,16256
3498,6,15676
4190,7,16180
4362,8,16180
4389,10,1436
3393,16,15340
5382,1,14796
5316,3,15748
5388,4,16204
5372,5,16256
4495,6,15636
5221,7,16180
4362,8,16180
5389,10,1436
4393,16,15340
6374,1,14796
6316,3,15748
6388,4,16204
6349,5,16256
5474,6,15636
6270,7,16180
6362,8,16180
6389,10,1436
5393,16,15340
7336,1,14796
7317,3,15748
7388,4,16204
7326,5,16256
6436,6,15636
7357,7,16180
6362,8,16180
7389,10,1436
6393,16,15340
8374,1,14796
8358,3,15748
8388,4,16204
8304,5,16256
8388,6,15636
8095,7,16180
8362,8,16180
8389,10,1436
7393,16,15324
9379,1,14796
9358,3,15748
9388,4,16204
9280,5,16256
9363,6,15636
9122,7,16180
8362,8,16180
9389,10,1436
8393,16,15324
10385,1,14796
10358,3,15748
10388,4,16204
10258,5,16256
10346,6,15636
10177,7,16180
10362,8,16180
10389,10,1436
9393,16,15324
11360,1,14796
11360,3,15748
11388,4,16204
11234,5,16256
11320,6,15636
11257,7,16180
10362,8,16180
11389,10,1436
10393,16,15324
12343,1,14796
12359,3,15748
12388,4,16204
12212,5,16256
12297,6,15636
12343,7,16180
12362,8,16180
12389,10,1436
11393,16,15324
13380,1,14796
13358,3,15748
13388,4,16204
13189,5,16256
13278,6,15636
13044,7,16180
12362,8,16180
13389,10,1436
12393,16,15324
14386,1,14796
14359,3,15748
14389,4,16204
14166,5,16256
14251,6,15636
14112,7,16180
14362,8,16180
14389,10,1436
13393,16,15324
15377,1,14796
15357,3,15748
15389,4,16204
15142,5,16256
15227,6,15636
15183,7,16180
14362,8,16180
15389,10,1436
14393,16,15324
16367,1,14796
16358,3,15748
16339,4,16204
16118,5,16256
16207,6,15636
16207,7,16180
16362,8,16180
16389,10,1436
15393,16,15324
17376,1,14796
17357,3,15748
17340,4,16204
17098,5,16256
17184,6,15636
17337,7,16180
16362,8,16180
17389,10,1436
16393,16,15324
18348,1,14796
18357,3,15748
18341,4,16204
18074,5,16256
18155,6,15636
18367,7,16180
18362,8,16180
18389,10,1436
17393,16,15324
18558,0,14844
19386,1,14796
19359,3,15748
19341,4,16204
19050,5,16256
19126,6,15636
19089,7,16180
18362,8,16180
19389,10,1436
18393,16,15324
18558,0,14844
20345,1,14796
20357,3,15748
20342,4,16204
20028,5,16256
20105,6,15636
20132,7,16180
20362,8,16180
20389,10,1436
19393,16,15324
18558,0,14844
21351,1,14796
21358,3,15748
21342,4,16204
21006,5,16256
21083,6,15636
21248,7,16180
20362,8,16180
21389,10,1436
20393,16,15324
18558,0,14844
22385,1,14796
22357,3,15748
22342,4,16204
21982,5,16256
22062,6,15636
22346,7,16180
22362,8,16180
22389,10,1436
21393,16,15316
18558,0,14844
23329,1,14796
23358,3,15748
23342,4,16204
22958,5,16256
23045,6,15636
23121,7,16180
22362,8,16180
23389,10,1436
22393,16,15316
18558,0,14844
24377,1,14796
24358,3,15748
24342,4,16204
23936,5,16256
24021,6,15636
24169,7,16180
24362,8,16180
24389,10,1436
23393,16,15316
18558,0,14844
25383,1,14796
25358,3,15748
25342,4,16204
24914,5,16256
24992,6,15636
25293,7,16180
24362,8,16180
25389,10,1436
24393,16,15316
18558,0,14844
26341,1,14796
26358,3,15748
26342,4,16204
25890,5,16256
25971,6,15636
26341,7,16180
26362,8,16180
26389,10,1436
25393,16,15316
18558,0,14844
27347,1,14796
27358,3,15748
27342,4,16204
26868,5,16256
26950,6,15636
27373,7,16180
26362,8,16180
27389,10,1436
26393,16,15316
18558,0,14844
28381,1,14796
28358,3,15748
28342,4,16204
27844,5,16256
27928,6,15636
28159,7,16180
28362,8,16180
28389,10,1436
27393,16,15316
18558,0,14844
29387,1,14796
29359,3,15748
29342,4,16204
28820,5,16256
28906,6,15636
29193,7,16180
28362,8,16180
29389,10,1436
28393,16,15316
18558,0,14844
30331,1,14796
30359,3,15748
30342,4,16204
29798,5,16256
29877,6,15636
30289,7,16180
30362,8,16180
30389,10,1436
29393,16,15316
18558,0,14844
31379,1,14796
31358,3,15748
31342,4,16204
30776,5,16256
30856,6,15636
31365,7,16180
30362,8,16180
31389,10,1436
30393,16,15300
18558,0,14844
32385,1,14796
32358,3,15748
32342,4,16204
31752,5,16256
31837,6,15636
32163,7,16180
32362,8,16180
32389,10,1436
31393,16,15300
18558,0,14844
33377,1,14796
33358,3,15748
33342,4,16204
32729,5,16256
32813,6,15636
33225,7,16180
32362,8,16180
33389,10,1436
32393,16,15300
18558,0,14844
34363,1,14796
34358,3,15748
34342,4,16204
33706,5,16256
33794,6,15636
34271,7,16180
34362,8,16180
34389,10,1436
33393,16,15300
18558,0,14844
35383,1,14796
35361,3,15748
35342,4,16204
34682,5,16256
34766,6,15636
34974,7,16180
34362,8,16180
35389,10,1436
34393,16,15300
18558,0,14844
36327,1,14796
36160,3,15748
36342,4,16204
35658,5,16256
35744,6,15636
36091,7,16180
36362,8,16180
36389,10,1436
35393,16,15300
18558,0,14844
37333,1,14796
37360,3,15076
37342,4,16204
36636,5,16256
36722,6,15636
37141,7,16180
36362,8,16180
37389,10,1436
36393,16,15300
18558,0,14844
38339,1,14796
38359,3,15076
38342,4,16204
37614,5,16256
37699,6,15636
38263,7,16180
38362,8,16180
38389,10,1436
37393,16,15300
18558,0,14844
39387,1,14796
39362,3,15076
39342,4,16204
38590,5,16256
38672,6,15636
39294,7,16180
38362,8,16180
39389,10,1436
38393,16,15300
18558,0,14844
40379,1,14796
40361,3,15076
40342,4,16204
39568,5,16256
39653,6,15636
40011,7,16180
40362,8,16180
40389,10,1436
39393,16,15300
18558,0,14844
41352,1,14796
41359,3,15076
41342,4,16204
40544,5,16256
40627,6,15636
41116,7,16180
40362,8,16180
41389,10,1436
40393,16,15300
18558,0,14844
42386,1,14796
42361,3,15076
42342,4,16204
41520,5,16256
41608,6,15636
42240,7,16180
42362,8,16180
42389,10,1436
41393,16,15300
18558,0,14844
43344,1,14796
43361,3,15076
43342,4,16204
42498,5,16256
42578,6,15636
43331,7,16180
42362,8,16180
43389,10,1436
42393,16,15300
18558,0,14844
44350,1,14796
44361,3,15076
44342,4,16204
43476,5,16256
43554,6,15636
44375,7,16180
44362,8,16180
44389,10,1436
43393,16,15300
18558,0,14844
45385,1,14796
45364,3,15076
45342,4,16204
44452,5,16256
44532,6,15636
45079,7,16180
44362,8,16180
45389,10,1436
44393,16,15300
18558,0,14844
46377,1,14796
46361,3,15076
46342,4,16204
45429,5,16256
45506,6,15636
46197,7,16180
46362,8,16180
46389,10,1436
45393,16,15300
47166,0,14740
47377,1,14796
47368,3,15076
47342,4,16204
46406,5,16256
46484,6,15636
47261,7,16180
46362,8,16180
47389,10,1436
46393,16,15300
47166,0,14740
48383,1,14796
48369,3,15076
48342,4,16204
48372,5,16256
47465,6,15636
48265,7,16180
48362,8,16180
48389,10,1436
47393,16,15300
47166,0,14740
49375,1,14796
49369,3,15076
49342,4,16204
49350,5,16256
48448,6,15636
49299,7,16180
48362,8,16180
49389,10,1436
48393,16,15300
47166,0,14740
50381,1,14796
50368,3,15076
50342,4,16204
50326,5,16256
49423,6,15636
50342,7,16180
50362,8,16180
50389,10,1436
49393,16,15300
47166,0,14740
51353,1,14796
51368,3,15076
51342,4,16204
51304,5,16256
51376,6,15636
51145,7,16180
50362,8,16180
51389,10,1436
50393,16,15300
47166,0,14740
52387,1,14796
52367,3,15076
52342,4,16204
52280,5,16256
52387,6,15588
52201,7,16180
52362,8,16180
52389,10,1436
51393,16,15300
47166,0,14740
53331,1,14796
53298,3,15076
53342,4,16204
53258,5,16256
53341,6,15588
53331,7,16180
52362,8,16180
53389,10,1436
52393,16,15300
47166,0,14740
54380,1,14796
54294,3,15076
54342,4,16204
54234,5,16256
54315,6,15588
54380,7,16180
54362,8,16180
54389,10,1436
53393,16,15300
47166,0,14740
55387,1,14796
55300,3,15076
55342,4,16204
55212,5,16256
55295,6,15588
55079,7,16180
54362,8,16180
55389,10,1436
54393,16,15300
47166,0,14740
56379,1,14796
56296,3,15076
56342,4,16204
56189,5,16256
56269,6,15588
56186,7,16180
56362,8,16180
56389,10,1436
55393,16,15300
47166,0,14740
57351,1,14796
57295,3,15076
57342,4,16204
57166,5,16256
57249,6,15588
57233,7,16180
56362,8,16180
57389,10,1436
56393,16,15300
47166,0,14740
58385,1,14796
58298,3,15076
58342,4,16204
58142,5,16256
58221,6,15588
58357,7,16180
58362,8,16180
58389,10,1436
57393,16,15300
47166,0,14740
59378,1,14796
59384,3,15076
59342,4,16204
59118,5,16256
59200,6,15588
59079,7,16180
58362,8,16180
59389,10,1436
58393,16,15300
47166,0,14740
60337,1,14796
60383,3,15076
60342,4,16204
60096,5,16256
60180,6,15588
60100,7,16180
60362,8,16180
60389,10,1436
59393,16,15300
47166,0,14740
61385,1,14796
61380,3,15076
61342,4,16204
61072,5,16256
61157,6,15588
61157,7,16180
60362,8,16180
61389,10,1436
60393,16,15300
47166,0,14740
62377,1,14796
62382,3,15076
62342,4,16204
62049,5,16256
62130,6,15588
62202,7,16180
62362,8,16180
62389,10,1436
61393,16,15300
47166,0,14740
63383,1,14796
63386,3,15076
63342,4,16204
63026,5,16256
63113,6,15588
63232,7,16180
62362,8,16180
63389,10,1436
62393,16,15300
47166,0,14740
64369,1,14796
64380,3,15076
64342,4,16204
64004,5,16256
64089,6,15588
64341,7,16180
64362,8,16180
64389,10,1436
63393,16,15300
47166,0,14740
65375,1,14796
65384,3,15076
65342,4,16204
64980,5,16256
65067,6,15588
65049,7,16180
64362,8,16180
65389,10,1436
64393,16,15300
47166,0,14740
66333,1,14796
66389,3,15076
66342,4,16204
65958,5,16256
66041,6,15588
66097,7,16180
66362,8,16180
66389,10,1436
65393,16,15300
47166,0,14740
67339,1,14796
67384,3,15076
67342,4,16204
66934,5,16256
67018,6,15588
67150,7,16180
66362,8,16180
67391,10,1436
66393,16,15300
47166,0,14740
68345,1,14796
68388,3,15076
68342,4,16204
67912,5,16256
67997,6,15588
68269,7,16180
68362,8,16180
68391,10,1436
67393,16,15300
47166,0,14740
69379,1,14796
69386,3,15076
69342,4,16204
68889,5,16256
68976,6,15588
69337,7,16180
68362,8,16180
69391,10,1436
68393,16,15300
47166,0,14740
70387,1,14796
70386,3,15076
70342,4,16204
69866,5,16256
69948,6,15588
70078,7,16180
70362,8,16180
70391,10,1436
69393,16,15300
47166,0,14740
71359,1,14796
71385,3,15076
71342,4,16204
70842,5,16256
70931,6,15588
71124,7,16180
70362,8,16180
71391,10,1436
70393,16,15300
47166,0,14740
72379,1,14796
72386,3,15076
72342,4,16204
71818,5,16256
71901,6,15588
72215,7,16180
72362,8,16180
72391,10,1436
71393,16,15300
47166,0,14740
73351,1,14796
73389,3,15076
73342,4,16204
72796,5,16256
72875,6,15588
73243,7,16180
72362,8,16180
73391,10,1436
72393,16,15300
47166,0,14740
74357,1,14796
74390,3,15076
74342,4,16204
73772,5,16256
73848,6,15588
74253,7,16180
74362,8,16180
74391,10,1436
73393,16,15300
47166,0,14740
75378,1,14796
75387,3,15076
75342,4,16204
74749,5,16256
74829,6,15588
75275,7,16180
74362,8,16180
75391,10,1436
74393,16,15300
47166,0,14740
76385,1,14796
76285,3,15076
76342,4,16204
75726,5,16256
75806,6,15588
76045,7,16180
76362,8,16180
76391,10,1436
75393,16,15300
47166,0,14740
77329,1,14796
77386,3,15076
77342,4,16204
76704,5,16256
76791,6,15588
77121,7,16180
76362,8,16180
77391,10,1436
76393,16,15300
47166,0,14740
78377,1,14796
78385,3,15076
78342,4,16204
77680,5,16256
77762,6,15588
78127,7,16180
78362,8,16180
78391,10,1436
77393,16,15300
47166,0,14740
79383,1,14796
79388,3,15076
79342,4,16204
78658,5,16256
78737,6,15588
79293,7,16180
78362,8,16180
79391,10,1436
78393,16,15300
47166,0,14740
80342,1,14796
80390,3,15076
80342,4,16204
79634,5,16256
79710,6,15588
80314,7,16180
80362,8,16180
80391,10,1436
79393,16,15300
47166,0,14740
81349,1,14796
81388,3,15076
81343,4,16204
80612,5,16256
80684,6,15588
81373,7,16180
80362,8,16180
81391,10,1436
80393,16,15300
47166,0,14740
82383,1,14796
82389,3,15076
82344,4,16204
81589,5,16256
81662,6,15588
82053,7,16180
82362,8,16180
82391,10,1436
81393,16,15300
47166,0,14740
83389,1,14796
83390,3,15076
83344,4,16204
82566,5,16256
82643,6,15588
83096,7,16180
82362,8,16180
83391,10,1436
82393,16,15300
47166,0,14740
84375,1,14796
84385,3,15076
84344,4,16204
83542,5,16256
83614,6,15588
84139,7,16180
84362,8,16180
84391,10,1436
83393,16,15300
47166,0,14740
85381,1,14796
85383,3,15076
85344,4,16204
84518,5,16256
84595,6,15588
85194,7,16180
84362,8,16180
85391,10,1436
84393,16,15300
47166,0,14740
86387,1,14796
86387,3,15076
86344,4,16204
85496,5,16256
85574,6,15588
86311,7,16180
86362,8,16180
86391,10,1436
85393,16,15300
47166,0,14740
87379,1,14796
87390,3,15076
87344,4,16204
86472,5,16256
86546,6,15588
87365,7,16180
86362,8,16180
87391,10,1436
86393,16,15300
47166,0,14740
88365,1,14796
88389,3,15076
88344,4,16204
87449,5,16256
87524,6,15588
88115,7,16180
88362,8,16180
88391,10,1436
87393,16,15300
47166,0,14740
89385,1,14796
89287,3,15076
89344,4,16204
88426,5,16256
88501,6,15588
89163,7,16180
88362,8,16180
89391,10,1436
88393,16,15300
47166,0,14740
90377,1,14796
90388,3,15076
90344,4,16204
89404,5,16256
89478,6,15588
90207,7,16180
90362,8,16180
90391,10,1436
89393,16,15300
47166,0,14740
91335,1,14796
91293,3,15076
91344,4,16204
91370,5,16256
90467,6,15588
91335,7,16180
90362,8,16180
91391,10,1436
90393,16,15300
47166,0,14740
92383,1,14796
92391,3,15076
92344,4,16204
92348,5,16256
91451,6,15588
92065,7,16180
92362,8,16180
92391,10,1436
91393,16,15300
93083,0,14740
93389,1,14796
93292,3,15076
93344,4,16204
93324,5,16256
92429,6,15588
93209,7,16180
92362,8,16180
93391,10,1436
92393,16,15300
93687,0,14740
94375,1,14796
94292,3,15076
94344,4,16204
94302,5,16256
94382,6,15588
94347,7,16180
94362,8,16180
94391,10,1436
93393,16,15300
93687,0,14740
95381,1,14796
95391,3,15076
95344,4,16204
95278,5,16256
95360,6,15588
95055,7,16180
94362,8,16180
95391,10,1436
94393,16,15300
93687,0,14740
96339,1,14796
96387,3,15076
96344,4,16204
96256,5,16256
96339,6,15588
96102,7,16180
96362,8,16180
96391,10,1436
95393,16,15300
93687,0,14740
97346,1,14796
97294,3,15076
97344,4,16204
97232,5,16256
97311,6,15588
97228,7,16180
96362,8,16180
97391,10,1436
96393,16,15300
93687,0,14740
98381,1,14796
98389,3,15076
98344,4,16204
98210,5,16256
98291,6,15588
98277,7,16180
98362,8,16180
98391,10,1436
97393,16,15300
93687,0,14740
99387,1,14796
99295,3,15076
99344,4,16204
99188,5,16256
99269,6,15588
99345,7,16180
98362,8,16180
99391,10,1436
98393,16,15300
93687,0,14740
100331,1,14796
100298,3,15076
100344,4,16204
100164,5,16256
100245,6,15588
100095,7,16180
100362,8,16180
100391,10,1436
99393,16,15300
93687,0,14740
101379,1,14796
101389,3,15076
101344,4,16204
101140,5,16256
101222,6,15588
101129,7,16180
100362,8,16180
101391,10,1436
100393,16,15300
93687,0,14740
102385,1,14796
102385,3,15076
102344,4,16204
102118,5,16256
102205,6,15588
102267,7,16180
102362,8,16180
102391,10,1436
101393,16,15300
93687,0,14740
103359,1,14796
103290,3,15076
103344,4,16204
103094,5,16256
103178,6,15588
103359,7,16180
102362,8,16180
103391,10,1436
102393,16,15300
93687,0,14740
104365,1,14796
104387,3,15076
104344,4,16204
104070,5,16256
104157,6,15588
104037,7,16180
104362,8,16180
104391,10,1436
103393,16,15300
93687,0,14740
105385,1,14796
105385,3,15076
105344,4,16204
105048,5,16256
105133,6,15588
105164,7,16180
104362,8,16180
105391,10,1436
104393,16,15300
93687,0,14740
106329,1,14796
106388,3,15076
106344,4,16204
106024,5,16256
106113,6,15588
106211,7,16180
106362,8,16180
106391,10,1436
105393,16,15300
93687,0,14740
107335,1,14796
107390,3,15076
107344,4,16204
107002,5,16256
107090,6,15588
107279,7,16180
106362,8,16180
107391,10,1436
106393,16,15300
93687,0,14740
108383,1,14796
108385,3,15076
108344,4,16204
107978,5,16256
108063,6,15588
108383,7,16180
108362,8,16180
108391,10,1436
107393,16,15300
93687,0,14740
109389,1,14796
109294,3,15076
109344,4,16204
108956,5,16256
109042,6,15588
109088,7,16180
108362,8,16180
109391,10,1436
108393,16,15300
93687,0,14740
110381,1,14796
110389,3,15076
110344,4,16204
109932,5,16256
110025,6,15588
110201,7,16180
110362,8,16180
110391,10,1436
109393,16,15300
93687,0,14740
111353,1,14796
111382,3,15076
111344,4,16204
110910,5,16256
110994,6,15588
111236,7,16180
110362,8,16180
111391,10,1436
110393,16,15300
93687,0,14740
112388,1,14796
112386,3,15076
112344,4,16204
111888,5,16256
111970,6,15588
112329,7,16180
112362,8,16180
112391,10,1436
111393,16,15300
93687,0,14740
113346,1,14796
113385,3,15076
113344,4,16204
112864,5,16256
112949,6,15588
113040,7,16180
112362,8,16180
113391,10,1436
112393,16,15300
93687,0,14740
114380,1,14796
114385,3,15076
114344,4,16204
113841,5,16256
113927,6,15588
114143,7,16180
114362,8,16180
114391,10,1436
113393,16,15300
93687,0,14740
115386,1,14796
115283,3,15076
115344,4,16204
114818,5,16256
114924,6,15588
115268,7,16180
114362,8,16180
115391,10,1436
114393,16,15300
93687,0,14740
116379,1,14796
116391,3,15076
116344,4,16204
115794,5,16256
115869,6,15588
116317,7,16180
116362,8,16180
116391,10,1436
115393,16,15300
93687,0,14740
117385,1,14796
117391,3,15076
117344,4,16204
116770,5,16256
116842,6,15588
117385,7,16180
116362,8,16180
117391,10,1436
116393,16,15300
93687,0,14740
118371,1,14796
118384,3,15076
118344,4,16204
117748,5,16256
117824,6,15588
118135,7,16180
118362,8,16180
118391,10,1436
117393,16,15300
93687,0,14740
119380,1,14796
119290,3,15076
119344,4,16204
118724,5,16256
118796,6,15588
119171,7,16180
118362,8,16180
119391,10,1436
118393,16,15300
93687,0,14740
120339,1,14796
120294,3,15076
120344,4,16204
119702,5,16256
119776,6,15588
120221,7,16180
120362,8,16180
120391,10,1436
119393,16,15300
93687,0,14740
121346,1,14796
121384,3,15076
121345,4,16204
120678,5,16256
120756,6,15588
121346,7,16180
120362,8,16180
121391,10,1436
120393,16,15300
93687,0,14740
122381,1,14796
122388,3,15076
122345,4,16204
121656,5,16256
121732,6,15588
122082,7,16180
122362,8,16180
122391,10,1436
121393,16,15300
93687,0,14740
123388,1,14796
123388,3,15076
123345,4,16204
122632,5,16256
122704,6,15588
123166,7,16180
122362,8,16180
123391,10,1436
122393,16,15300
93687,0,14740
124375,1,14796
124385,3,15076
124346,4,16204
123610,5,16256
123687,6,15588
124257,7,16180
124362,8,16180
124391,10,1436
123393,16,15300
93687,0,14740
125381,1,14796
125389,3,15076
125346,4,16204
124588,5,16256
124666,6,15588
125302,7,16180
124362,8,16180
125391,10,1436
124393,16,15300
93687,0,14740
126388,1,14796
126386,3,15076
126346,4,16204
125564,5,16256
125641,6,15588
126061,7,16180
126362,8,16180
126391,10,1436
125393,16,15300
93687,0,14740
127363,1,14796
127385,3,15076
127346,4,16204
126540,5,16256
126610,6,15588
127113,7,16180
126362,8,16180
127391,10,1436
126393,16,15300
93687,0,14740
128383,1,14796
128284,3,15076
128346,4,16204
127518,5,16256
127597,6,15588
128161,7,16180
128362,8,16180
128391,10,1436
127393,16,15300
93687,0,14740
129389,1,14796
129292,3,15076
129346,4,16204
128494,5,16256
128577,6,15588
129243,7,16180
128362,8,16180
129391,10,1436
128393,16,15300
93687,0,14740
130333,1,14796
130389,3,15076
130346,4,16204
129470,5,16256
129549,6,15588
130333,7,16180
130362,8,16180
130391,10,1436
129393,16,15300
93687,0,14740
131382,1,14796
131285,3,15076
131346,4,16204
130448,5,16256
130532,6,15588
131382,7,16180
130362,8,16180
131391,10,1436
130393,16,15300
93687,0,14740
132388,1,14796
132386,3,15076
132347,4,16204
131424,5,16256
131505,6,15588
132166,7,16180
132362,8,16180
132391,10,1436
131393,16,15300
93687,0,14740
133382,1,14796
133388,3,15076
133347,4,16204
132402,5,16256
132482,6,15588
133244,7,16180
132362,8,16180
133391,10,1436
132393,16,15300
93687,0,14740
134370,1,14796
134388,3,15076
134347,4,16204
134369,5,16256
133474,6,15588
134278,7,16180
134362,8,16180
134391,10,1436
133393,16,15300
93687,0,14740
135390,1,14796
135386,3,15076
135347,4,16204
135346,5,16256
134455,6,15588
135008,7,16180
134362,8,16180
135391,10,1436
134393,16,15300
93687,0,14740
136335,1,14796
136386,3,15076
136348,4,16204
136322,5,16256
135427,6,15588
136099,7,16180
136362,8,16180
136391,10,1436
135393,16,15300
93687,0,14740
137341,1,14796
137384,3,15076
137348,4,16204
137300,5,16256
137381,6,15588
137144,7,16180
136362,8,16180
137391,10,1436
136393,16,15300
93687,0,14740
138389,1,14796
138388,3,15076
138348,4,16204
138278,5,16256
138361,6,15588
138271,7,16180
138362,8,16180
138391,10,1436
137393,16,15300
93687,0,14740
139381,1,14796
139385,3,15076
139348,4,16204
139254,5,16256
139338,6,15588
139319,7,16180
138362,8,16180
139391,10,1436
138393,16,15300
93687,0,14740
140387,1,14796
140387,3,15076
140348,4,16204
140230,5,16256
140311,6,15588
139999,7,16180
140362,8,16180
140391,10,1436
139393,16,15300
93687,0,14740
141373,1,14796
141385,3,15076
141348,4,16204
141208,5,16256
141289,6,15588
141123,7,16180
140362,8,16180
141391,10,1436
140393,16,15300
93687,0,14740
142381,1,14796
142384,3,15076
142348,4,16204
142184,5,16256
142268,6,15588
142213,7,16180
142362,8,16180
142391,10,1436
141393,16,15300
93687,0,14740
143353,1,14796
143387,3,15076
143348,4,16204
143160,5,16256
143247,6,15588
143353,7,16180
142362,8,16180
143391,10,1436
142393,16,15300
93687,0,14740
144359,1,14796
144385,3,15076
144348,4,16204
144138,5,16256
144223,6,15588
144387,7,16180
144362,8,16180
144391,10,1436
143393,16,15300
93687,0,14740
145379,1,14796
145384,3,15076
145348,4,16204
145114,5,16256
145192,6,15588
145115,7,16180
144362,8,16180
145391,10,1436
144393,16,15300
93687,0,14740
146389,1,14796
146288,3,15076
146348,4,16204
146090,5,16256
146172,6,15588
146209,7,16180
146362,8,16180
146391,10,1436
145393,16,15300
93687,0,14740
147333,1,14796
147287,3,15076
147348,4,16204
147068,5,16256
147147,6,15588
147257,7,16180
146362,8,16180
147391,10,1436
146393,16,15300
93687,0,14740
148381,1,14796
148384,3,15076
148348,4,16204
148044,5,16256
148131,6,15588
148293,7,16180
148362,8,16180
148391,10,1436
147393,16,15300
93687,0,14740
149388,1,14796
149386,3,15076
149348,4,16204
149020,5,16256
149105,6,15588
149019,7,16180
148362,8,16180
149391,10,1436
148393,16,15300
93687,0,14740
150347,1,14796
150386,3,15076
150348,4,16204
149998,5,16256
150086,6,15588
150111,7,16180
150362,8,16180
150391,10,1436
149393,16,15300
93687,0,14740
151353,1,14796
151384,3,15076
151348,4,16204
150976,5,16256
151064,6,15588
151157,7,16180
150362,8,16180
151391,10,1436
150393,16,15300
93687,0,14740
152388,1,14796
152386,3,15076
152348,4,16204
151952,5,16256
152036,6,15588
152326,7,16180
152362,8,16180
152391,10,1436
151393,16,15300
93687,0,14740
153347,1,14796
153385,3,15076
153348,4,16204
152929,5,16256
153008,6,15588
153333,7,16180
152362,8,16180
153391,10,1436
152393,16,15300
93687,0,14740
154381,1,14796
154383,3,15076
154348,4,16204
153906,5,16256
153980,6,15588
154131,7,16180
154362,8,16180
154391,10,1436
153393,16,15300
93687,0,14740
155387,1,14796
155384,3,15076
155348,4,16204
154882,5,16256
154959,6,15588
155193,7,16180
154362,8,16180
155391,10,1436
154393,16,15300
93687,0,14740
156379,1,14796
156387,3,15076
156348,4,16204
155858,5,16256
155936,6,15588
156226,7,16180
156362,8,16180
156391,10,1436
155393,16,15300
93687,0,14740
157365,1,14796
157383,3,15076
157348,4,16204
156836,5,16256
156912,6,15588
157365,7,16180
156362,8,16180
157391,10,1436
156393,16,15300
93687,0,14740
158387,1,14796
158391,3,15076
158348,4,16204
157814,5,16256
157892,6,15588
158048,7,16180
158362,8,16180
158391,10,1436
157393,16,15300
93687,0,14740
159380,1,14796
159292,3,15076
159348,4,16204
158790,5,16256
158867,6,15588
159095,7,16180
158362,8,16180
159391,10,1436
158393,16,15300
93687,0,14740
160339,1,14796
160384,3,15076
160348,4,16204
159768,5,16256
159849,6,15588
160221,7,16180
160362,8,16180
160391,10,1436
159393,16,15300
93687,0,14740
161346,1,14796
161387,3,15076
161348,4,16204
160744,5,16256
160818,6,15588
161270,7,16180
160362,8,16180
161391,10,1436
160393,16,15300
93687,0,14740
162381,1,14796
162384,3,15076
162348,4,16204
161720,5,16256
161794,6,15588
162342,7,16180
162362,8,16180
162391,10,1436
161393,16,15300
93687,0,14740
163387,1,14796
163384,3,15076
163348,4,16204
162698,5,16256
162774,6,15588
163131,7,16180
162362,8,16180
163391,10,1436
162393,16,15300
93687,0,14740
164373,1,14796
164387,3,15076
164348,4,16204
163676,5,16256
163751,6,15588
164161,7,16180
164362,8,16180
164391,10,1436
163393,16,15300
93687,0,14740
165379,1,14796
165389,3,15076
165348,4,16204
164652,5,16256
164726,6,15588
165303,7,16180
164362,8,16180
165391,10,1436
164393,16,15300
93687,0,14740
166337,1,14796
166390,3,15076
166348,4,16204
165629,5,16256
165705,6,15588
166337,7,16180
166362,8,16180
166391,10,1436
165393,16,15300
93687,0,14740
167357,1,14796
167389,3,15076
167348,4,16204
166606,5,16256
166681,6,15588
167343,7,16180
166362,8,16180
167391,10,1436
166393,16,15300
93687,0,14740
168377,1,14796
168384,3,15076
168348,4,16204
167582,5,16256
167656,6,15588
168099,7,16180
168362,8,16180
168391,10,1436
167393,16,15300
169125,0,14740
169335,1,14796
169283,3,15076
169348,4,16204
168558,5,16256
168638,6,15588
169203,7,16180
168362,8,16180
169391,10,1436
168393,16,15300
169125,0,14740
170385,1,14796
170291,3,15076
170348,4,16204
169536,5,16256
169611,6,15588
170275,7,16180
170362,8,16180
170391,10,1436
169393,16,15300
169125,0,14740
171377,1,14796
171387,3,15076
171348,4,16204
170514,5,16256
170595,6,15588
171287,7,16180
170362,8,16180
171391,10,1436
170393,16,15300
169125,0,14740
172383,1,14796
172383,3,15076
172348,4,16204
171490,5,16256
171573,6,15588
172360,7,16180
172362,8,16180
172391,10,1436
171393,16,15300
169125,0,14740
173370,1,14796
173291,3,15076
173348,4,16204
172468,5,16256
172550,6,15588
173121,7,16180
172362,8,16180
173391,10,1436
172393,16,15300
169125,0,14740
174390,1,14796
174390,3,15076
174348,4,16204
173444,5,16256
173522,6,15588
174168,7,16180
174362,8,16180
174391,10,1436
173393,16,15300
169125,0,14740
175337,1,14796
175389,3,15076
175348,4,16204
174420,5,16256
174500,6,15588
175219,7,16180
174362,8,16180
175391,10,1436
174393,16,15300
176256,0,14740
176387,1,14796
176385,3,15076
176348,4,16204
176389,5,16256
175482,6,15588
176265,7,16180
176362,8,16180
176391,10,1436
175393,16,15300
177358,0,14740
177331,1,14796
177293,3,15076
177348,4,16204
177366,5,16256
176471,6,15588
177081,7,16180
176362,8,16180
177391,10,1436
176393,16,15300
178285,0,14740
178381,1,14796
178391,3,15076
178348,4,16204
178342,5,16256
177450,6,15588
178222,7,16180
178362,8,16180
178391,10,1436
177393,16,15300
178525,0,14740
179387,1,14796
179292,3,15076
179348,4,16204
179318,5,16256
178457,6,15588
179325,7,16180
178362,8,16180
179391,10,1436
178393,16,15300
178525,0,14740
180359,1,14796
180288,3,15076
180348,4,16204
180296,5,16256
180380,6,15588
180110,7,16180
180362,8,16180
180391,10,1436
179393,16,15300
178525,0,14740
181365,1,14796
181289,3,15076
181348,4,16204
181272,5,16256
181360,6,15588
181171,7,16180
180362,8,16180
181391,10,1436
180393,16,15300
178525,0,14740
182338,1,14796
182290,3,15076
182348,4,16204
182249,5,16256
182332,6,15588
182241,7,16180
182362,8,16180
182391,10,1436
181393,16,15300
178525,0,14740
183387,1,14796
183292,3,15076
183348,4,16204
183226,5,16256
183311,6,15588
183346,7,16180
182362,8,16180
183391,10,1436
182393,16,15300
178525,0,14740
184379,1,14796
184389,3,15076
184348,4,16204
184204,5,16256
184289,6,15588
184064,7,16180
184362,8,16180
184391,10,1436
183393,16,15300
178525,0,14740
185386,1,14796
185391,3,15076
185348,4,16204
185180,5,16256
185262,6,15588
185206,7,16180
184362,8,16180
185391,10,1436
184393,16,15300
178525,0,14740
186331,1,14796
186391,3,15076
186348,4,16204
186158,5,16256
186241,6,15588
186241,7,16180
186362,8,16180
186391,10,1436
185393,16,15300
178525,0,14740
187379,1,14796
187291,3,15076
187348,4,16204
187134,5,16256
187219,6,15588
187261,7,16180
186362,8,16180
187391,10,1436
186393,16,15300
187893,0,14132
188385,1,14796
188296,3,15076
188348,4,16204
188112,5,16256
188194,6,15588
188045,7,16180
188362,8,16180
188391,10,1436
187393,16,15300
187893,0,14132
189358,1,14796
189387,3,15076
189348,4,16204
189089,5,16256
189166,6,15588
189111,7,16180
188362,8,16180
189391,10,1436
188393,16,15300
187893,0,14132
190378,1,14796
190290,3,15076
190348,4,16204
190066,5,16256
190139,6,15588
190153,7,16180
190362,8,16180
190391,10,1436
189393,16,15300
187893,0,14132
191385,1,14796
191291,3,15076
191348,4,16204
191042,5,16256
191122,6,15588
191285,7,16180
190362,8,16180
191391,10,1436
190393,16,15300
187893,0,14132
192345,1,14796
192289,3,15076
192348,4,16204
192018,5,16256
192093,6,15588
192370,7,16180
192362,8,16180
192391,10,1436
191393,16,15300
187893,0,14132
193381,1,14796
193286,3,15076
193348,4,16204
192996,5,16256
193066,6,15588
193090,7,16180
192362,8,16180
193391,10,1436
192393,16,15300
187893,0,14132
194387,1,14796
194292,3,15076
194348,4,16204
193972,5,16256
194046,6,15588
194193,7,16180
194362,8,16180
194391,10,1436
193393,16,15300
187893,0,14132
195381,1,14796
195291,3,15076
195348,4,16204
194949,5,16256
195020,6,15588
195242,7,16180
194362,8,16180
195391,10,1436
194393,16,15300
187893,0,14132
196369,1,14796
196291,3,15076
196348,4,16204
195926,5,16256
195998,6,15588
196276,7,16180
196362,8,16180
196391,10,1436
195393,16,15300
187893,0,14132
197389,1,14796
197294,3,15076
197348,4,16204
196904,5,16256
196982,6,15588
197007,7,16180
196362,8,16180
197391,10,1436
196393,16,15300
187893,0,14132
198335,1,14796
198300,3,15076
198348,4,16204
197880,5,16256
197956,6,15588
198101,7,16180
198362,8,16180
198391,10,1436
197393,16,15300
187893,0,14132
199341,1,14796
199296,3,15076
199348,4,16204
198858,5,16256
198933,6,15588
199147,7,16180
198362,8,16180
199391,10,1436
198393,16,15300
187893,0,14132
200389,1,14796
200297,3,15076
200348,4,16204
199834,5,16256
199917,6,15588
200271,7,16180
200362,8,16180
200391,10,1436
199393,16,15300
187893,0,14132
201381,1,14796
201300,3,15076
201348,4,16204
200812,5,16256
200891,6,15588
201319,7,16180
200362,8,16180
201391,10,1436
200393,16,15300
201812,0,14132
202381,1,14796
202387,3,15076
202348,4,16204
201788,5,16256
201868,6,15588
202131,7,16180
202362,8,16180
202391,10,1436
201393,16,15300
201812,0,14132
203387,1,14796
203296,3,15076
203348,4,16204
202754,5,16256
202833,6,15588
203204,7,16180
202362,8,16180
203391,10,1436
202393,16,15300
201812,0,14132
204347,1,14796
204292,3,15076
204348,4,16204
203720,5,16256
203800,6,15588
204347,7,16180
204362,8,16180
204391,10,1436
203393,16,15300
201812,0,14132
205353,1,14796
205296,3,15076
205348,4,16204
204689,5,16256
204768,6,15588
205355,7,16180
204362,8,16180
205391,10,1436
204393,16,15300
201812,0,14132
206387,1,14796
206390,3,15076
206348,4,16204
205656,5,16256
205750,6,15588
206074,7,16180
206362,8,16180
206391,10,1436
205393,16,15300
201812,0,14132
207332,1,14796
207296,3,15076
207348,4,16204
206622,5,16256
206708,6,15588
207200,7,16180
206362,8,16180
207391,10,1436
206393,16,15300
201812,0,14132
208339,1,14796
208297,3,15076
208348,4,16204
207591,5,16256
207675,6,15588
208250,7,16180
208362,8,16180
208391,10,1436
207393,16,15300
201812,0,14132
209387,1,14796
209389,3,15076
209348,4,16204
208558,5,16256
208638,6,15588
209256,7,16180
208362,8,16180
209391,10,1436
208393,16,15300
201812,0,14132
210381,1,14796
210295,3,15076
210348,4,16204
209524,5,16256
209601,6,15588
210055,7,16180
210362,8,16180
210391,10,1436
209393,16,15300
201812,0,14132
211387,1,14796
211297,3,15076
211348,4,16204
210492,5,16256
210569,6,15588
211104,7,16180
210362,8,16180
211391,10,1436
210393,16,15300
201812,0,14132
212373,1,14796
212292,3,15076
212348,4,16204
211458,5,16256
211536,6,15588
212187,7,16180
212362,8,16180
212391,10,1436
211393,16,15300
201812,0,14132
213379,1,14796
213295,3,15076
213348,4,16204
212426,5,16256
212505,6,15588
213195,7,16180
212362,8,16180
213391,10,1436
212393,16,15300
201812,0,14132
214340,1,14796
214294,3,15076
214348,4,16204
214376,5,16256
213475,6,15588
214222,7,16180
214362,8,16180
214391,10,1436
213393,16,15300
201812,0,14132
215346,1,14796
215386,3,15076
215348,4,16204
215342,5,16256
214454,6,15588
215270,7,16180
214362,8,16180
215391,10,1436
214393,16,15300
201812,0,14132
216380,1,14796
216292,3,15076
216348,4,16204
216310,5,16256
216381,6,15588
216304,7,16180
216362,8,16180
216391,10,1436
215393,16,15300
201812,0,14132
217387,1,14796
217294,3,15076
217348,4,16204
217278,5,16256
217344,6,15588
217033,7,16180
216362,8,16180
217391,10,1436
216393,16,15300
201812,0,14132
218359,1,14796
218389,3,15076
218348,4,16204
218244,5,16256
218311,6,15588
218123,7,16180
218362,8,16180
218391,10,1436
217393,16,15300
201812,0,14132
219365,1,14796
219285,3,15076
219348,4,16204
219212,5,16256
219276,6,15588
219205,7,16180
218362,8,16180
219391,10,1436
218393,16,15300
201812,0,14132
220385,1,14796
220297,3,15076
220348,4,16204
220178,5,16256
220249,6,15588
220295,7,16180
220362,8,16180
220391,10,1436
219393,16,15300
201812,0,14132
221377,1,14796
221296,3,15076
221348,4,16204
221146,5,16256
221224,6,15588
221341,7,16180
220362,8,16180
221391,10,1436
220393,16,15300
201812,0,14132
222378,1,14796
222391,3,15076
222348,4,16204
222114,5,16256
222187,6,15588
222156,7,16180
222362,8,16180
222391,10,1436
221393,16,15300
201812,0,14132
223385,1,14796
223296,3,15076
223348,4,16204
223080,5,16256
223152,6,15588
223205,7,16180
222362,8,16180
223391,10,1436
222393,16,15300
201812,0,14132
224329,1,14796
224389,3,15076
224348,4,16204
224048,5,16256
224125,6,15588
224315,7,16180
224362,8,16180
224391,10,1436
223393,16,15300
201812,0,14132
225379,1,14796
225389,3,15076
225348,4,16204
225016,5,16256
225088,6,15588
225379,7,16180
224362,8,16180
225391,10,1436
224393,16,15300
201812,0,14132
226385,1,14796
226292,3,15076
226348,4,16204
225982,5,16256
226060,6,15588
226059,7,16180
226362,8,16180
226391,10,1436
225393,16,15300
201812,0,14132
227378,1,14796
227391,3,15076
227348,4,16204
226950,5,16256
227024,6,15588
227142,7,16180
226362,8,16180
227391,10,1436
226393,16,15300
201812,0,14132
228351,1,14796
228388,3,15076
228348,4,16204
227918,5,16256
227996,6,15588
228233,7,16180
228362,8,16180
228391,10,1436
227393,16,15300
201812,0,14132
229357,1,14796
229293,3,15076
229348,4,16204
228884,5,16256
228957,6,15588
229282,7,16180
228362,8,16180
229391,10,1436
228393,16,15300
201812,0,14132
230377,1,14796
230296,3,15076
230348,4,16204
229850,5,16256
229925,6,15588
229961,7,16180
230362,8,16180
230391,10,1436
229393,16,15300
201812,0,14132
231335,1,14796
231298,3,15076
231348,4,16204
230818,5,16256
230894,6,15588
231090,7,16180
230362,8,16180
231391,10,1436
230393,16,15300
201812,0,14132
232383,1,14796
232286,3,15076
232348,4,16204
231786,5,16256
231867,6,15588
232251,7,16180
232362,8,16180
232391,10,1436
231393,16,15300
201812,0,14132
233389,1,14796
233292,3,15076
233348,4,16204
232752,5,16256
232837,6,15588
233313,7,16180
232362,8,16180
233391,10,1436
232393,16,15300
201812,0,14132
234383,1,14796
234292,3,15076
234348,4,16204
233719,5,16256
233800,6,15588
234346,7,16180
234362,8,16180
234391,10,1436
233393,16,15300
201812,0,14132
235370,1,14796
235294,3,15076
235348,4,16204
234688,5,16256
234768,6,15588
235064,7,16180
234362,8,16180
235391,10,1436
234393,16,15300
201812,0,14132
236390,1,14796
236295,3,15076
236348,4,16204
235654,5,16256
235735,6,15588
236168,7,16180
236362,8,16180
236391,10,1436
235393,16,15300
201812,0,14132
237383,1,14796
237290,3,15076
237348,4,16204
236620,5,16256
236696,6,15588
237217,7,16180
236362,8,16180
237391,10,1436
236393,16,15300
201812,0,14132
238341,1,14796
238296,3,15076
238348,4,16204
237589,5,16256
237673,6,15588
238327,7,16180
238362,8,16180
238391,10,1436
237393,16,15300
201812,0,14132
239390,1,14796
239293,3,15076
239348,4,16204
238556,5,16256
238637,6,15588
239023,7,16180
238362,8,16180
239391,10,1436
238393,16,15300
201812,0,14132
240382,1,14796
240293,3,15076
240348,4,16204
239522,5,16256
239605,6,15588
240070,7,16180
240362,8,16180
240391,10,1436
239393,16,15300
201812,0,14132
241388,1,14796
241391,3,15076
241348,4,16204
240490,5,16256
240606,6,15588
241139,7,16180
240362,8,16180
241391,10,1436
240393,16,15300
201812,0,14132
242375,1,14796
242295,3,15076
242348,4,16204
241458,5,16256
241540,6,15588
242281,7,16180
242362,8,16180
242391,10,1436
241393,16,15300
201812,0,14132
243381,1,14796
243296,3,15076
243348,4,16204
242424,5,16256
242515,6,15588
243013,7,16180
242362,8,16180
243391,10,1436
242393,16,15300
201812,0,14132
244339,1,14796
244300,3,15076
244348,4,16204
244374,5,16256
243472,6,15588
244103,7,16180
244362,8,16180
244391,10,1436
243393,16,15300
201812,0,14132
245345,1,14796
245292,3,15076
245348,4,16204
245340,5,16256
244457,6,15588
245147,7,16180
244362,8,16180
245391,10,1436
244393,16,15300
201812,0,14132
246380,1,14796
246290,3,15076
246348,4,16204
246309,5,16256
246390,6,15588
246276,7,16180
246362,8,16180
246391,10,1436
245393,16,15300
201812,0,14132
247387,1,14796
247297,3,15076
247348,4,16204
247276,5,16256
247356,6,15588
247325,7,16180
246362,8,16180
247391,10,1436
246393,16,15300
201812,0,14132
248333,1,14796
248299,3,15076
248349,4,16204
248242,5,16256
248319,6,15588
248360,7,16180
248362,8,16180
248391,10,1436
247393,16,15300
201812,0,14132
249383,1,14796
249299,3,15076
249349,4,16204
249211,5,16256
249284,6,15588
249077,7,16180
248362,8,16180
249391,10,1436
248393,16,15300
201812,0,14132
250390,1,14796
250389,3,15076
250350,4,16204
250178,5,16256
250253,6,15588
250181,7,16180
250362,8,16180
250391,10,1436
249393,16,15300
201812,0,14132
251383,1,14796
251292,3,15076
251350,4,16204
251144,5,16256
251220,6,15588
251231,7,16180
250362,8,16180
251391,10,1436
250393,16,15300
201812,0,14132
252383,1,14796
252291,3,15076
252350,4,16204
252112,5,16256
252185,6,15588
251987,7,16180
252362,8,16180
252391,10,1436
251393,16,15300
201812,0,14132
253389,1,14796
253294,3,15076
253350,4,16204
253078,5,16256
253149,6,15588
253091,7,16180
252362,8,16180
253391,10,1436
252393,16,15300
201812,0,14132
254334,1,14796
254388,3,15076
254350,4,16204
254046,5,16256
254118,6,15588
254124,7,16180
254362,8,16180
254391,10,1436
253393,16,15300
201812,0,14132
255383,1,14796
255385,3,15076
255350,4,16204
255014,5,16256
255085,6,15588
255265,7,16180
254362,8,16180
255391,10,1436
254393,16,15300
201812,0,14132
256377,1,14796
256389,3,15076
256350,4,16204
255980,5,16256
256056,6,15588
256302,7,16180
256362,8,16180
256391,10,1436
255393,16,15300
201812,0,14132
257384,1,14796
257294,3,15076
257350,4,16204
256948,5,16256
257022,6,15588
257322,7,16180
256362,8,16180
257391,10,1436
256393,16,15300
201812,0,14132
258356,1,14796
258390,3,15076
258351,4,16204
257916,5,16256
257993,6,15588
258377,7,16180
258362,8,16180
258391,10,1436
257393,16,15300
201812,0,14132
259363,1,14796
259292,3,15076
259352,4,16204
258882,5,16256
258955,6,15588
259169,7,16180
258362,8,16180
259391,10,1436
258393,16,15300
201812,0,14132
260384,1,14796
260293,3,15076
260352,4,16204
259849,5,16256
259924,6,15588
260205,7,16180
260362,8,16180
260391,10,1436
259393,16,15300
201812,0,14132
261343,1,14796
261296,3,15076
261352,4,16204
260818,5,16256
260898,6,15588
261315,7,16180
260362,8,16180
261391,10,1436
260393,16,15300
201812,0,14132
262377,1,14796
262391,3,15076
262352,4,16204
261784,5,16256
261862,6,15588
262065,7,16180
262362,8,16180
262391,10,1436
261393,16,15300
201812,0,14132
263383,1,14796
263292,3,15076
263352,4,16204
262750,5,16256
262830,6,15588
263175,7,16180
262362,8,16180
263391,10,1436
262393,16,15300
201812,0,14132
264390,1,14796
264391,3,15076
264353,4,16204
263718,5,16256
263803,6,15588
264238,7,16180
264362,8,16180
264391,10,1436
263393,16,15300
201812,0,14132
265376,1,14796
265292,3,15076
265353,4,16204
264686,5,16256
264765,6,15588
265245,7,16180
264362,8,16180
265391,10,1436
264393,16,15300
201812,0,14132
266383,1,14796
266292,3,15076
266354,4,16204
265652,5,16256
265730,6,15588
266317,7,16180
266362,8,16180
266391,10,1436
265393,16,15300
201812,0,14132
267390,1,14796
267389,3,15076
267354,4,16204
266618,5,16256
266700,6,15588
267105,7,16180
266362,8,16180
267391,10,1436
266393,16,15300
201812,0,14132
268349,1,14796
268292,3,15076
268354,4,16204
267588,5,16256
267672,6,15588
268141,7,16180
268362,8,16180
268391,10,1436
267393,16,15300
201812,0,14132
269383,1,14796
269292,3,15076
269354,4,16204
268554,5,16256
268638,6,15588
269265,7,16180
268362,8,16180
269391,10,1436
268393,16,15300
201812,0,14132
270390,1,14796
270295,3,15076
270354,4,16204
269520,5,16256
269605,6,15588
270314,7,16180
270362,8,16180
270391,10,1436
269393,16,15300
201812,0,14132
271335,1,14796
271289,3,15076
271354,4,16204
270489,5,16256
270570,6,15588
271335,7,16180
270362,8,16180
271391,10,1436
270393,16,15300
201812,0,14132
272384,1,14796
272297,3,15076
272354,4,16204
271456,5,16256
271536,6,15588
272074,7,16180
272362,8,16180
272391,10,1436
271393,16,15300
201812,0,14132
273390,1,14796
273297,3,15076
273354,4,16204
272422,5,16256
272506,6,15588
273197,7,16180
272362,8,16180
273391,10,1436
272393,16,15300
201812,0,14132
274349,1,14796
274298,3,15076
274354,4,16204
274372,5,16256
273474,6,15588
274256,7,16180
274362,8,16180
274391,10,1436
273393,16,15300
201812,0,14132
275383,1,14796
275293,3,15076
275354,4,16204
275338,5,16256
274459,6,15588
275383,7,16180
274362,8,16180
275391,10,1436
274393,16,15300
201812,0,14132
276389,1,14796
276292,3,15076
276354,4,16204
276308,5,16256
275423,6,15588
276077,7,16180
276362,8,16180
276391,10,1436
275393,16,15300
201812,0,14132
277333,1,14796
277291,3,15076
277354,4,16204
277274,5,16256
277361,6,15588
277202,7,16180
276362,8,16180
277391,10,1436
276393,16,15300
201812,0,14132
278339,1,14796
278388,3,15076
278354,4,16204
278240,5,16256
278325,6,15588
278249,7,16180
278362,8,16180
278391,10,1436
277393,16,15300
201812,0,14132
279388,1,14796
279292,3,15076
279354,4,16204
279209,5,16256
279297,6,15588
279257,7,16180
278362,8,16180
279391,10,1436
278393,16,15300
201812,0,14132
280380,1,14796
280385,3,15076
280355,4,16204
280176,5,16256
280262,6,15588
280331,7,16180
280362,8,16180
280391,10,1436
279393,16,15300
201812,0,14132
281387,1,14796
281387,3,15076
281356,4,16204
281142,5,16256
281226,6,15588
281117,7,16180
280362,8,16180
281391,10,1436
280393,16,15300
201812,0,14132
282387,1,14796
282291,3,15076
282356,4,16204
282110,5,16256
282200,6,15588
282183,7,16180
282362,8,16180
282391,10,1436
281393,16,15300
201812,0,14132
283331,1,14796
283296,3,15076
283356,4,16204
283078,5,16256
283165,6,15588
283303,7,16180
282362,8,16180
283391,10,1436
282393,16,15300
201812,0,14132
284337,1,14796
284288,3,15076
284356,4,16204
284044,5,16256
284127,6,15588
284362,7,16180
284362,8,16180
284391,10,1436
283393,16,15300
201812,0,14132
285345,1,14796
285291,3,15076
285356,4,16204
285012,5,16256
285085,6,15588
285150,7,16180
284362,8,16180
285391,10,1436
284393,16,15300
201812,0,14132
286379,1,14796
286291,3,15076
286356,4,16204
285978,5,16256
286054,6,15588
286185,7,16180
286362,8,16180
286391,10,1436
285393,16,15300
201812,0,14132
287387,1,14796
287297,3,15076
287356,4,16204
286946,5,16256
287018,6,15588
287207,7,16180
286362,8,16180
287391,10,1436
286393,16,15300
201812,0,14132
288359,1,14796
288296,3,15076
288356,4,16204
287914,5,16256
287996,6,15588
288268,7,16180
288362,8,16180
288391,10,1436
287393,16,15300
201812,0,14132
289379,1,14796
289298,3,15076
289356,4,16204
288880,5,16256
288961,6,15588
289379,7,16180
288362,8,16180
289391,10,1436
288393,16,15300
201812,0,14132
290385,1,14796
290295,3,15076
290356,4,16204
289848,5,16256
289923,6,15588
290086,7,16180
290362,8,16180
290391,10,1436
289393,16,15300
201812,0,14132
291343,1,14796
291292,3,15076
291356,4,16204
290816,5,16256
290892,6,15588
291225,7,16180
290362,8,16180
291391,10,1436
290393,16,15300
201812,0,14132
292379,1,14796
292292,3,15076
292356,4,16204
291782,5,16256
291855,6,15588
292275,7,16180
292362,8,16180
292391,10,1436
291393,16,15300
201812,0,14132
293387,1,14796
293296,3,15076
293356,4,16204
292749,5,16256
292822,6,15588
293323,7,16180
292362,8,16180
293391,10,1436
292393,16,15300
201812,0,14132
294331,1,14796
294296,3,15076
294356,4,16204
293718,5,16256
293795,6,15588
294124,7,16180
294362,8,16180
294391,10,1436
293393,16,15300
201812,0,14132
295381,1,14796
295294,3,15076
295356,4,16204
294684,5,16256
294760,6,15588
295131,7,16180
294362,8,16180
295391,10,1436
294393,16,15300
201812,0,14132
296387,1,14796
296294,3,15076
296356,4,16204
295650,5,16256
295724,6,15588
296204,7,16180
296362,8,16180
296391,10,1436
295393,16,15300
201812,0,14132
297346,1,14796
297289,3,15076
297356,4,16204
296618,5,16256
296693,6,15588
297319,7,16180
296362,8,16180
297391,10,1436
296393,16,15300
201812,0,14132
298352,1,14796
298294,3,15076
298356,4,16204
297586,5,16256
297658,6,15588
298352,7,16180
298362,8,16180
298391,10,1436
297393,16,15300
201812,0,14132
299358,1,14796
299302,3,15076
299356,4,16204
298552,5,16256
298623,6,15588
299033,7,16180
298362,8,16180
299391,10,1436
298393,16,15300
201812,0,14132
300332,1,14796
300294,3,15076
300356,4,16204
299518,5,16256
299595,6,15588
300200,7,16180
300362,8,16180
300391,10,1436
299393,16,15300
201812,0,14132
301338,1,14796
301299,3,15076
301356,4,16204
300488,5,16256
300564,6,15588
301220,7,16180
300362,8,16180
301391,10,1436
300393,16,15300
201812,0,14132
302387,1,14796
302295,3,15076
302356,4,16204
301454,5,16256
301533,6,15588
302331,7,16180
302362,8,16180
302391,10,1436
301393,16,15300
201812,0,14132
303379,1,14796
303300,3,15076
303356,4,16204
302420,5,16256
302501,6,15588
303082,7,16180
302362,8,16180
303391,10,1436
302393,16,15300
201812,0,14132
304365,1,14796
304294,3,15076
304356,4,16204
304370,5,16256
303500,6,15588
304143,7,16180
304362,8,16180
304391,10,1436
303393,16,15300
201812,0,14132
305371,1,14796
305292,3,15076
305356,4,16204
305338,5,16256
304454,6,15588
305253,7,16180
304362,8,16180
305391,10,1436
304393,16,15300
201812,0,14132
306378,1,14796
306389,3,15076
306356,4,16204
306306,5,16256
306385,6,15588
306290,7,16180
306362,8,16180
306391,10,1436
305393,16,15300
201812,0,14132
307385,1,14796
307389,3,15076
307356,4,16204
307272,5,16256
307355,6,15588
307335,7,16180
306362,8,16180
307391,10,1436
306393,16,15300
201812,0,14132
308346,1,14796
308295,3,15076
308356,4,16204
308238,5,16256
308321,6,15588
308137,7,16180
308362,8,16180
308391,10,1436
307393,16,15300
201812,0,14132
309380,1,14796
309294,3,15076
309356,4,16204
309208,5,16256
309293,6,15588
309145,7,16180
308362,8,16180
309391,10,1436
308393,16,15300
201812,0,14132
310387,1,14796
310289,3,15076
310356,4,16204
310174,5,16256
310261,6,15588
310196,7,16180
310362,8,16180
310391,10,1436
309393,16,15300
201812,0,14132
311359,1,14796
311293,3,15076
311356,4,16204
311140,5,16256
311223,6,15588
311331,7,16180
310362,8,16180
311391,10,1436
310393,16,15300
201812,0,14132
312379,1,14796
312292,3,15076
312356,4,16204
312109,5,16256
312197,6,15588
312053,7,16180
312362,8,16180
312391,10,1436
311393,16,15300
201812,0,14132
313385,1,14796
313291,3,15076
313356,4,16204
313076,5,16256
313160,6,15588
313191,7,16180
312362,8,16180
313391,10,1436
312393,16,15300
