timestamp,cpu_usage,cpu_usage_min,cpu_usage_max,cpu_usage_mean,free_heap,min_free_heap
3379,31.7452,31.7452,31.7452,31.7452,5.28005e+06,5.27462e+06
4379,37.692,31.7452,37.692,34.7186,5.28005e+06,5.27462e+06
5379,41.0902,31.7452,41.0902,36.8425,5.28006e+06,5.27462e+06
6379,43.0973,31.7452,43.0973,38.4062,5.28006e+06,5.27462e+06
7379,45.8917,31.7452,45.8917,39.9033,5.28006e+06,5.27462e+06
8379,47.3644,31.7452,47.3644,41.1468,5.28006e+06,5.27462e+06
9379,48.389,31.7452,48.389,42.1814,5.28005e+06,5.27462e+06
10379,49.4104,31.7452,49.4104,43.085,5.28005e+06,5.27462e+06
11379,50.5211,31.7452,50.5211,43.9112,5.28005e+06,5.27462e+06
12379,51.7023,31.7452,51.7023,44.6903,5.28005e+06,5.27462e+06
13379,52.1098,31.7452,52.1098,45.3648,5.28005e+06,5.27462e+06
14379,52.6922,31.7452,52.6922,45.9755,5.28005e+06,5.27462e+06
15379,53.2217,31.7452,53.2217,46.5329,5.28005e+06,5.27462e+06
16379,53.5512,31.7452,53.5512,47.0342,5.28005e+06,5.27462e+06
17379,54.1462,31.7452,54.1462,47.5083,5.28005e+06,5.27462e+06
18379,54.3595,31.7452,54.3595,47.9365,5.28005e+06,5.27462e+06
19379,54.4872,31.7452,54.4872,48.3218,5.28005e+06,5.27462e+06
20379,54.7163,31.7452,54.7163,48.6771,5.28005e+06,5.27462e+06
21379,55.1384,31.7452,55.1384,49.0172,5.28005e+06,5.27462e+06
22379,55.3999,31.7452,55.3999,49.3363,5.28005e+06,5.27462e+06
23379,55.7002,31.7452,55.7002,49.6393,5.28005e+06,5.27462e+06
24379,55.8153,31.7452,55.8153,49.9201,5.28005e+06,5.27462e+06
25379,56.1377,31.7452,56.1377,50.1904,5.28005e+06,5.27462e+06
26379,56.2324,31.7452,56.2324,50.4421,5.28005e+06,5.27462e+06
27379,56.3064,31.7452,56.3064,50.6767,5.28005e+06,5.27462e+06
28379,56.5603,31.7452,56.5603,50.903,5.28005e+06,5.27462e+06
29379,56.6583,31.7452,56.6583,51.1162,5.28005e+06,5.27462e+06
30379,56.8148,31.7452,56.8148,51.3197,5.28005e+06,5.27462e+06
31379,56.9463,31.7452,56.9463,51.5137,5.28005e+06,5.27462e+06
32379,57.0899,31.7452,57.0899,51.6996,5.28005e+06,5.27462e+06
33379,57.2375,31.7452,57.2375,51.8782,5.28005e+06,5.27462e+06
34379,57.2594,31.7452,57.2594,52.0464,5.28005e+06,5.27462e+06
35379,57.447,31.7452,57.447,52.21,5.28005e+06,5.27462e+06
36379,57.4511,31.7452,57.4511,52.3642,5.28005e+06,5.27462e+06
37379,57.5057,31.7452,57.5057,52.5111,5.28005e+06,5.27462e+06
38379,57.658,31.7452,57.658,52.6541,5.28005e+06,5.27462e+06
39379,57.6995,31.7452,57.6995,52.7904,5.28005e+06,5.27462e+06
40379,57.7631,31.7452,57.7631,52.9213,5.28005e+06,5.27462e+06
41379,57.822,31.7452,57.822,53.0469,5.28005e+06,5.27462e+06
42379,57.9559,31.7452,57.9559,53.1697,5.28005e+06,5.27462e+06
43379,58.044,31.7452,58.044,53.2886,5.28005e+06,5.27462e+06
44379,58.0384,31.7452,58.044,53.4016,5.28005e+06,5.27462e+06
45379,58.0873,31.7452,58.0873,53.5106,5.28005e+06,5.27462e+06
46379,58.1552,31.7452,58.1552,53.6162,5.28005e+06,5.27462e+06
47379,58.2108,31.7452,58.2108,53.7183,5.28005e+06,5.27462e+06
48379,58.2743,31.7452,58.2743,53.8173,5.28006e+06,5.27462e+06
49379,58.292,31.7452,58.292,53.9125,5.28006e+06,5.27462e+06
50379,58.3304,31.7452,58.3304,54.0046,5.28006e+06,5.27462e+06
51379,58.3824,31.7452,58.3824,54.0939,5.28005e+06,5.27462e+06
52379,58.4557,31.7452,58.4557,54.1811,5.28005e+06,5.27462e+06
53379,58.4607,31.7452,58.4607,54.2651,5.28005e+06,5.27462e+06
54379,58.4582,31.7452,58.4607,54.3457,5.28005e+06,5.27462e+06
55379,58.4629,31.7452,58.4629,54.4234,5.28005e+06,5.27462e+06
56379,58.5443,31.7452,58.5443,54.4997,5.28005e+06,5.27462e+06
57379,58.5445,31.7452,58.5445,54.5732,5.28005e+06,5.27462e+06
58379,58.5997,31.7452,58.5997,54.6451,5.28005e+06,5.27462e+06
59379,58.634,31.7452,58.634,54.7151,5.28005e+06,5.27462e+06
60379,58.6332,31.7452,58.634,54.7827,5.28005e+06,5.27462e+06
61379,58.6598,31.7452,58.6598,54.8484,5.28005e+06,5.27462e+06
62379,58.7643,31.7452,58.7643,54.9137,5.28005e+06,5.27462e+06
63379,58.8271,31.7452,58.8271,54.9778,5.28005e+06,5.27462e+06
64379,58.8296,31.7452,58.8296,55.0399,5.28005e+06,5.27462e+06
65379,58.8294,31.7452,58.8296,55.1001,5.28005e+06,5.27462e+06
66379,58.8898,31.7452,58.8898,55.1593,5.28005e+06,5.27462e+06
67379,58.897,31.7452,58.897,55.2168,5.28005e+06,5.27462e+06
68379,58.9028,31.7452,58.9028,55.2726,5.28005e+06,5.27462e+06
69379,58.9174,31.7452,58.9174,55.327,5.28005e+06,5.27462e+06
70379,58.9639,31.7452,58.9639,55.3805,5.28005e+06,5.27462e+06
71379,58.9596,31.7452,58.9639,55.4324,5.28005e+06,5.27462e+06
72379,59.0506,31.7452,59.0506,55.4841,5.28005e+06,5.27462e+06
73379,59.0397,31.7452,59.0506,55.5342,5.28005e+06,5.27462e+06
74379,59.1059,31.7452,59.1059,55.5838,5.28005e+06,5.27462e+06
75379,59.1028,31.7452,59.1059,55.632,5.28005e+06,5.27462e+06
76379,59.1448,31.7452,59.1448,55.6795,5.28005e+06,5.27462e+06
77379,59.1499,31.7452,59.1499,55.7257,5.28005e+06,5.27462e+06
78379,59.1536,31.7452,59.1536,55.7708,5.28005e+06,5.27462e+06
79379,59.1679,31.7452,59.1679,55.8149,5.28005e+06,5.27462e+06
80379,59.2079,31.7452,59.2079,55.8584,5.28005e+06,5.27462e+06
81379,59.2018,31.7452,59.2079,55.9008,5.28005e+06,5.27462e+06
82379,59.2755,31.7452,59.2755,55.9429,5.28005e+06,5.27462e+06
83379,59.2701,31.7452,59.2755,55.984,5.28005e+06,5.27462e+06
84379,59.3068,31.7452,59.3068,56.0245,5.28005e+06,5.27462e+06
85379,59.3157,31.7452,59.3157,56.0642,5.28005e+06,5.27462e+06
86379,59.3174,31.7452,59.3174,56.1029,5.28005e+06,5.27462e+06
87379,59.3256,31.7452,59.3256,56.1408,5.28005e+06,5.27462e+06
88379,59.36,31.7452,59.36,56.1783,5.28005e+06,5.27462e+06
89379,59.3507,31.7452,59.36,56.2147,5.28005e+06,5.27462e+06
90379,59.4021,31.7452,59.4021,56.251,5.28005e+06,5.27462e+06
91379,59.3895,31.7452,59.4021,56.2862,5.28006e+06,5.27462e+06
92379,59.4361,31.7452,59.4361,56.3212,5.28006e+06,5.27462e+06
93379,59.4553,31.7452,59.4553,56.3557,5.28006e+06,5.27462e+06
94379,59.4547,31.7452,59.4553,56.3893,5.28005e+06,5.27462e+06
95379,59.4475,31.7452,59.4553,56.4222,5.28005e+06,5.27462e+06
96379,59.4898,31.7452,59.4898,56.4549,5.28005e+06,5.27462e+06
97379,59.482,31.7452,59.4898,56.4867,5.28005e+06,5.27462e+06
98379,59.5061,31.7452,59.5061,56.5182,5.28005e+06,5.27462e+06
99379,59.5051,31.7452,59.5061,56.549,5.28005e+06,5.27462e+06
100379,59.4986,31.7452,59.5061,56.5791,5.28005e+06,5.27462e+06
101379,59.5067,31.7452,59.5067,56.6086,5.28005e+06,5.27462e+06
102379,59.5517,31.7452,59.5517,56.6381,5.28005e+06,5.27462e+06
103379,59.5862,31.7452,59.5862,56.6673,5.28005e+06,5.27462e+06
104379,59.5817,31.7452,59.5862,56.6958,5.28005e+06,5.27462e+06
105379,59.5749,31.7452,59.5862,56.7238,5.28005e+06,5.27462e+06
106379,59.5895,31.7452,59.5895,56.7513,5.28005e+06,5.27462e+06
107379,59.6042,31.7452,59.6042,56.7785,5.28005e+06,5.27462e+06
108379,59.602,31.7452,59.6042,56.8051,5.28005e+06,5.27462e+06
109379,59.6066,31.7452,59.6066,56.8313,5.28005e+06,5.27462e+06
110379,59.6308,31.7452,59.6308,56.8573,5.28005e+06,5.27462e+06
111379,59.6237,31.7452,59.6308,56.8826,5.28005e+06,5.27462e+06
112379,59.6785,31.7452,59.6785,56.9081,5.28005e+06,5.27462e+06
113379,59.6674,31.7452,59.6785,56.9329,5.28005e+06,5.27462e+06
114379,59.7048,31.7452,59.7048,56.9577,5.28005e+06,5.27462e+06
115379,59.6945,31.7452,59.7048,56.9819,5.28005e+06,5.27462e+06
116379,59.6927,31.7452,59.7048,57.0057,5.28005e+06,5.27462e+06
117379,59.7197,31.7452,59.7197,57.0293,5.28005e+06,5.27462e+06
118379,59.7162,31.7452,59.7197,57.0524,5.28005e+06,5.27462e+06
119379,59.7089,31.7452,59.7197,57.0751,5.28005e+06,5.27462e+06
120379,59.7261,31.7452,59.7261,57.0976,5.28005e+06,5.27462e+06
121379,59.7314,31.7452,59.7314,57.1197,5.28005e+06,5.27462e+06
122379,59.7602,31.7452,59.7602,57.1417,5.28005e+06,5.27462e+06
123379,59.7703,31.7452,59.7703,57.1635,5.28005e+06,5.27462e+06
124379,59.7605,31.7452,59.7703,57.1847,5.28005e+06,5.27462e+06
125379,59.7874,31.7452,59.7874,57.2059,5.28005e+06,5.27462e+06
126379,59.7839,31.7452,59.7874,57.2267,5.28005e+06,5.27462e+06
127379,59.7608,31.7452,59.7874,57.247,5.28005e+06,5.27462e+06
128379,59.7914,31.7452,59.7914,57.2672,5.28005e+06,5.27462e+06
129379,59.7919,31.7452,59.7919,57.287,5.28005e+06,5.27462e+06
130379,59.7881,31.7452,59.7919,57.3066,5.28005e+06,5.27462e+06
131379,59.7914,31.7452,59.7919,57.3258,5.28005e+06,5.27462e+06
132379,59.827,31.7452,59.827,57.3451,5.28005e+06,5.27462e+06
133379,59.8507,31.7452,59.8507,57.3642,5.28005e+06,5.27462e+06
134379,59.8476,31.7452,59.8507,57.383,5.28006e+06,5.27462e+06
135379,59.8269,31.7452,59.8507,57.4014,5.28006e+06,5.27462e+06
136379,59.8516,31.7452,59.8516,57.4197,5.28006e+06,5.27462e+06
137379,59.8584,31.7452,59.8584,57.4377,5.28005e+06,5.27462e+06
138379,59.8563,31.7452,59.8584,57.4555,5.28005e+06,5.27462e+06
139379,59.8786,31.7452,59.8786,57.4732,5.28005e+06,5.27462e+06
140379,59.8808,31.7452,59.8808,57.4907,5.28005e+06,5.27462e+06
141379,59.8713,31.7452,59.8808,57.5078,5.28005e+06,5.27462e+06
142379,59.8763,31.7452,59.8808,57.5247,5.28005e+06,5.27462e+06
143379,59.858,31.7452,59.8808,57.5413,5.28005e+06,5.27462e+06
144379,59.8436,31.7452,59.8808,57.5575,5.28005e+06,5.27462e+06
145379,59.8404,31.7452,59.8808,57.5734,5.28005e+06,5.27462e+06
146379,59.845,31.7452,59.8808,57.5892,5.28005e+06,5.27462e+06
147379,59.8439,31.7452,59.8808,57.6048,5.28005e+06,5.27462e+06
148379,59.8354,31.7452,59.8808,57.62,5.28005e+06,5.27462e+06
149379,59.8447,31.7452,59.8808,57.6352,5.28005e+06,5.27462e+06
150379,59.8518,31.7452,59.8808,57.6501,5.28005e+06,5.27462e+06
151379,59.849,31.7452,59.8808,57.6649,5.28005e+06,5.27462e+06
152379,59.8824,31.7452,59.8824,57.6797,5.28005e+06,5.27462e+06
153379,59.8802,31.7452,59.8824,57.6943,5.28005e+06,5.27462e+06
154379,59.8853,31.7452,59.8853,57.7087,5.28005e+06,5.27462e+06
155379,59.8917,31.7452,59.8917,57.7229,5.28005e+06,5.27462e+06
156379,59.8799,31.7452,59.8917,57.7369,5.28005e+06,5.27462e+06
157379,59.886,31.7452,59.8917,57.7508,5.28005e+06,5.27462e+06
158379,59.8907,31.7452,59.8917,57.7645,5.28005e+06,5.27462e+06
159379,59.8868,31.7452,59.8917,57.778,5.28005e+06,5.27462e+06
160379,59.9103,31.7452,59.9103,57.7915,5.28005e+06,5.27462e+06
161379,59.9012,31.7452,59.9103,57.8048,5.28005e+06,5.27462e+06
162379,59.9235,31.7452,59.9235,57.8181,5.28005e+06,5.27462e+06
163379,59.9354,31.7452,59.9354,57.8312,5.28005e+06,5.27462e+06
164379,59.9398,31.7452,59.9398,57.8442,5.28005e+06,5.27462e+06
165379,59.9393,31.7452,59.9398,57.8571,5.28005e+06,5.27462e+06
166379,59.9313,31.7452,59.9398,57.8697,5.28005e+06,5.27462e+06
167379,59.938,31.7452,59.9398,57.8823,5.28005e+06,5.27462e+06
168379,59.9388,31.7452,59.9398,57.8946,5.28005e+06,5.27462e+06
169379,59.9357,31.7452,59.9398,57.9069,5.28005e+06,5.27462e+06
170379,59.9242,31.7452,59.9398,57.9189,5.28005e+06,5.27462e+06
171379,59.9417,31.7452,59.9417,57.9308,5.28005e+06,5.27462e+06
172379,59.9518,31.7452,59.9518,57.9427,5.28005e+06,5.27462e+06
173379,59.9727,31.7452,59.9727,57.9546,5.28005e+06,5.27462e+06
174379,59.9603,31.7452,59.9727,57.9663,5.28005e+06,5.27462e+06
175379,59.9575,31.7452,59.9727,57.9778,5.28005e+06,5.27462e+06
176379,59.9728,31.7452,59.9728,57.9892,5.28006e+06,5.27462e+06
177379,59.97,31.7452,59.9728,58.0006,5.28006e+06,5.27462e+06
178379,59.9591,31.7452,59.9728,58.0117,5.28006e+06,5.27462e+06
179379,59.9746,31.7452,59.9746,58.0228,5.28006e+06,5.27462e+06
180379,59.9666,31.7452,59.9746,58.0337,5.28005e+06,5.27462e+06
181379,59.9731,31.7452,59.9746,58.0445,5.28005e+06,5.27462e+06
182379,59.9922,31.7452,59.9922,58.0554,5.28005e+06,5.27462e+06
183379,59.9967,31.7452,59.9967,58.0661,5.28005e+06,5.27462e+06
184379,60.0047,31.7452,60.0047,58.0767,5.28005e+06,5.27462e+06
185379,60.0018,31.7452,60.0047,58.0872,5.28005e+06,5.27462e+06
186379,60.018,31.7452,60.018,58.0977,5.28005e+06,5.27462e+06
187379,60.0104,31.7452,60.018,58.1081,5.28005e+06,5.27462e+06
188379,60.0029,31.7452,60.018,58.1183,5.28005e+06,5.27462e+06
189379,60.0177,31.7452,60.018,58.1284,5.28005e+06,5.27462e+06
190379,60.0099,31.7452,60.018,58.1384,5.28005e+06,5.27462e+06
191379,60.015,31.7452,60.018,58.1484,5.28005e+06,5.27462e+06
192379,60.0338,31.7452,60.0338,58.1583,5.28005e+06,5.27462e+06
193379,60.0398,31.7452,60.0398,58.1681,5.28005e+06,5.27462e+06
194379,60.0445,31.7452,60.0445,58.1779,5.28005e+06,5.27462e+06
195379,60.0412,31.7452,60.0445,58.1876,5.28005e+06,5.27462e+06
196379,60.0331,31.7452,60.0445,58.1971,5.28005e+06,5.27462e+06
197379,60.037,31.7452,60.0445,58.2065,5.28005e+06,5.27462e+06
198379,60.043,31.7452,60.0445,58.2159,5.28005e+06,5.27462e+06
199379,60.0394,31.7452,60.0445,58.2251,5.28005e+06,5.27462e+06
200379,60.0538,31.7452,60.0538,58.2344,5.28005e+06,5.27462e+06
201379,60.0458,31.7452,60.0538,58.2435,5.28005e+06,5.27462e+06
202379,60.0656,31.7452,60.0656,58.2526,5.28005e+06,5.27462e+06
203379,60.072,31.7452,60.072,58.2616,5.28005e+06,5.27462e+06
204379,60.0776,31.7452,60.0776,58.2706,5.28005e+06,5.27462e+06
205379,60.0743,31.7452,60.0776,58.2795,5.28005e+06,5.27462e+06
206379,60.0661,31.7452,60.0776,58.2883,5.28005e+06,5.27462e+06
207379,60.0706,31.7452,60.0776,58.297,5.28005e+06,5.27462e+06
208379,60.0731,31.7452,60.0776,58.3056,5.28005e+06,5.27462e+06
209379,60.069,31.7452,60.0776,58.3141,5.28005e+06,5.27462e+06
210379,60.0796,31.7452,60.0796,58.3226,5.28005e+06,5.27462e+06
211379,60.0766,31.7452,60.0796,58.331,5.28005e+06,5.27462e+06
212379,60.0973,31.7452,60.0973,58.3394,5.28005e+06,5.27462e+06
213379,60.1006,31.7452,60.1006,58.3477,5.28005e+06,5.27462e+06
214379,60.0897,31.7452,60.1006,58.356,5.28005e+06,5.27462e+06
215379,60.0933,31.7452,60.1006,58.3641,5.28005e+06,5.27462e+06
216379,60.0961,31.7452,60.1006,58.3722,5.28005e+06,5.27462e+06
217379,60.0934,31.7452,60.1006,58.3802,5.28005e+06,5.27462e+06
218379,60.1023,31.7452,60.1023,58.3882,5.28005e+06,5.27462e+06
219379,60.0992,31.7452,60.1023,58.3961,5.28006e+06,5.27462e+06
220379,60.0917,31.7452,60.1023,58.4039,5.28006e+06,5.27462e+06
221379,60.1039,31.7452,60.1039,58.4116,5.28006e+06,5.27462e+06
222379,60.1113,31.7452,60.1113,58.4193,5.28006e+06,5.27462e+06
223379,60.1226,31.7452,60.1226,58.4271,5.28005e+06,5.27462e+06
224379,60.1184,31.7452,60.1226,58.4347,5.28005e+06,5.27462e+06
225379,60.1315,31.7452,60.1315,58.4423,5.28005e+06,5.27462e+06
226379,60.1278,31.7452,60.1315,58.4498,5.28005e+06,5.27462e+06
227379,60.1237,31.7452,60.1315,58.4572,5.28005e+06,5.27462e+06
228379,60.1449,31.7452,60.1449,58.4647,5.28005e+06,5.27462e+06
229379,60.1492,31.7452,60.1492,58.4721,5.28005e+06,5.27462e+06
230379,60.1644,31.7452,60.1644,58.4796,5.28005e+06,5.27462e+06
231379,60.1572,31.7452,60.1644,58.4869,5.28005e+06,5.27462e+06
232379,60.1659,31.7452,60.1659,58.4942,5.28005e+06,5.27462e+06
233379,60.1523,31.7452,60.1659,58.5014,5.28005e+06,5.27462e+06
234379,60.141,31.7452,60.1659,58.5084,5.28005e+06,5.27462e+06
235379,60.1445,31.7452,60.1659,58.5155,5.28005e+06,5.27462e+06
236379,60.1473,31.7452,60.1659,58.5224,5.28005e+06,5.27462e+06
237379,60.1407,31.7452,60.1659,58.5293,5.28005e+06,5.27462e+06
238379,60.1518,31.7452,60.1659,58.5362,5.28005e+06,5.27462e+06
239379,60.147,31.7452,60.1659,58.543,5.28005e+06,5.27462e+06
240379,60.143,31.7452,60.1659,58.5497,5.28005e+06,5.27462e+06
241379,60.1458,31.7452,60.1659,58.5564,5.28005e+06,5.27462e+06
242379,60.1587,31.7452,60.1659,58.5631,5.28005e+06,5.27462e+06
243379,60.1623,31.7452,60.1659,58.5697,5.28005e+06,5.27462e+06
244379,60.1645,31.7452,60.1659,58.5763,5.28005e+06,5.27462e+06
245379,60.1678,31.7452,60.1678,58.5828,5.28005e+06,5.27462e+06
246379,60.1697,31.7452,60.1697,58.5893,5.28005e+06,5.27462e+06
247379,60.1645,31.7452,60.1697,58.5958,5.28005e+06,5.27462e+06
248379,60.1754,31.7452,60.1754,58.6022,5.28005e+06,5.27462e+06
249379,60.1716,31.7452,60.1754,58.6085,5.28005e+06,5.27462e+06
250379,60.1671,31.7452,60.1754,58.6148,5.28005e+06,5.27462e+06
251379,60.1844,31.7452,60.1844,58.6211,5.28005e+06,5.27462e+06
252379,60.1796,31.7452,60.1844,58.6274,5.28005e+06,5.27462e+06
253379,60.1763,31.7452,60.1844,58.6335,5.28005e+06,5.27462e+06
254379,60.1792,31.7452,60.1844,58.6397,5.28005e+06,5.27462e+06
255379,60.1901,31.7452,60.1901,58.6458,5.28005e+06,5.27462e+06
256379,60.1902,31.7452,60.1902,58.6519,5.28005e+06,5.27462e+06
257379,60.1777,31.7452,60.1902,58.6579,5.28005e+06,5.27462e+06
258379,60.1972,31.7452,60.1972,58.6639,5.28005e+06,5.27462e+06
259379,60.1851,31.7452,60.1972,58.6698,5.28005e+06,5.27462e+06
260379,60.1884,31.7452,60.1972,58.6757,5.28005e+06,5.27462e+06
261379,60.1979,31.7452,60.1979,58.6816,5.28005e+06,5.27462e+06
262379,60.2032,31.7452,60.2032,58.6874,5.28006e+06,5.27462e+06
263379,60.2127,31.7452,60.2127,58.6933,5.28006e+06,5.27462e+06
264379,60.2095,31.7452,60.2127,58.699,5.28006e+06,5.27462e+06
265379,60.1956,31.7452,60.2127,58.7047,5.28006e+06,5.27462e+06
266379,60.2134,31.7452,60.2134,58.7104,5.28005e+06,5.27462e+06
267379,60.2013,31.7452,60.2134,58.7161,5.28005e+06,5.27462e+06
268379,60.204,31.7452,60.2134,58.7217,5.28005e+06,5.27462e+06
269379,60.2134,31.7452,60.2134,58.7273,5.28005e+06,5.27462e+06
270379,60.2095,31.7452,60.2134,58.7328,5.28005e+06,5.27462e+06
271379,60.1976,31.7452,60.2134,58.7382,5.28005e+06,5.27462e+06
272379,60.1969,31.7452,60.2134,58.7436,5.28005e+06,5.27462e+06
273379,60.1942,31.7452,60.2134,58.749,5.28005e+06,5.27462e+06
274379,60.1885,31.7452,60.2134,58.7543,5.28005e+06,5.27462e+06
275379,60.1762,31.7452,60.2134,58.7595,5.28005e+06,5.27462e+06
276379,60.1759,31.7452,60.2134,58.7647,5.28005e+06,5.27462e+06
277379,60.1891,31.7452,60.2134,58.7698,5.28005e+06,5.27462e+06
278379,60.1809,31.7452,60.2134,58.7749,5.28005e+06,5.27462e+06
279379,60.1831,31.7452,60.2134,58.78,5.28005e+06,5.27462e+06
280379,60.1839,31.7452,60.2134,58.7851,5.28005e+06,5.27462e+06
281379,60.1809,31.7452,60.2134,58.7901,5.28005e+06,5.27462e+06
282379,60.1987,31.7452,60.2134,58.7951,5.28005e+06,5.27462e+06
283379,60.1859,31.7452,60.2134,58.8001,5.28005e+06,5.27462e+06
284379,60.2003,31.7452,60.2134,58.805,5.28005e+06,5.27462e+06
285379,60.2,31.7452,60.2134,58.81,5.28005e+06,5.27462e+06
286379,60.191,31.7452,60.2134,58.8148,5.28005e+06,5.27462e+06
287379,60.2033,31.7452,60.2134,58.8197,5.28005e+06,5.27462e+06
288379,60.1955,31.7452,60.2134,58.8245,5.28005e+06,5.27462e+06
289379,60.1978,31.7452,60.2134,58.8293,5.28005e+06,5.27462e+06
290379,60.2006,31.7452,60.2134,58.8341,5.28005e+06,5.27462e+06
291379,60.1974,31.7452,60.2134,58.8388,5.28005e+06,5.27462e+06
292379,60.2114,31.7452,60.2134,58.8435,5.28005e+06,5.27462e+06
293379,60.2106,31.7452,60.2134,58.8482,5.28005e+06,5.27462e+06
294379,60.216,31.7452,60.216,58.8529,5.28005e+06,5.27462e+06
295379,60.216,31.7452,60.216,58.8575,5.28005e+06,5.27462e+06
296379,60.2078,31.7452,60.216,58.8621,5.28005e+06,5.27462e+06
297379,60.2102,31.7452,60.216,58.8667,5.28005e+06,5.27462e+06
298379,60.2119,31.7452,60.216,58.8713,5.28005e+06,5.27462e+06
299379,60.209,31.7452,60.216,58.8758,5.28005e+06,5.27462e+06
300379,60.2186,31.7452,60.2186,58.8803,5.28005e+06,5.27462e+06
301379,60.2153,31.7452,60.2186,58.8847,5.28005e+06,5.27462e+06
302379,60.2273,31.7452,60.2273,58.8892,5.28005e+06,5.27462e+06
303379,60.2286,31.7452,60.2286,58.8936,5.28005e+06,5.27462e+06
304379,60.221,31.7452,60.2286,58.898,5.28005e+06,5.27462e+06
305379,60.2333,31.7452,60.2333,58.9024,5.28006e+06,5.27462e+06
306379,60.227,31.7452,60.2333,58.9068,5.28006e+06,5.27462e+06
307379,60.2239,31.7452,60.2333,58.9111,5.28006e+06,5.27462e+06
308379,60.2268,31.7452,60.2333,58.9154,5.28005e+06,5.27462e+06
309379,60.2265,31.7452,60.2333,58.9197,5.28005e+06,5.27462e+06
310379,60.2187,31.7452,60.2333,58.9239,5.28005e+06,5.27462e+06
311379,60.2201,31.7452,60.2333,58.9281,5.28005e+06,5.27462e+06
312379,60.2314,31.7452,60.2333,58.9323,5.28005e+06,5.27462e+06
313379,60.2429,31.7452,60.2429,58.9365,5.28005e+06,5.27462e+06
314379,60.2402,31.7452,60.2429,58.9407,5.28005e+06,5.27462e+06
315379,60.251,31.7452,60.251,58.9449,5.28005e+06,5.27462e+06
316379,60.2509,31.7452,60.251,58.949,5.28005e+06,5.27462e+06
317379,60.24,31.7452,60.251,58.9531,5.28005e+06,5.27462e+06
318379,60.2406,31.7452,60.251,58.9572,5.28005e+06,5.27462e+06
319379,60.2518,31.7452,60.2518,58.9613,5.28005e+06,5.27462e+06
320379,60.2443,31.7452,60.2518,58.9653,5.28005e+06,5.27462e+06
321379,60.2546,31.7452,60.2546,58.9694,5.28005e+06,5.27462e+06
322379,60.2628,31.7452,60.2628,58.9734,5.28005e+06,5.27462e+06
323379,60.2524,31.7452,60.2628,58.9774,5.28005e+06,5.27462e+06
324379,60.2466,31.7452,60.2628,58.9813,5.28005e+06,5.27462e+06
325379,60.2419,31.7452,60.2628,58.9852,5.28005e+06,5.27462e+06
326379,60.2495,31.7452,60.2628,58.9892,5.28005e+06,5.27462e+06
327379,60.247,31.7452,60.2628,58.993,5.28005e+06,5.27462e+06
328379,60.2418,31.7452,60.2628,58.9969,5.28005e+06,5.27462e+06
329379,60.244,31.7452,60.2628,59.0007,5.28005e+06,5.27462e+06
330379,60.245,31.7452,60.2628,59.0045,5.28005e+06,5.27462e+06
331379,60.2472,31.7452,60.2628,59.0082,5.28005e+06,5.27462e+06
332379,60.2445,31.7452,60.2628,59.012,5.28005e+06,5.27462e+06
333379,60.24,31.7452,60.2628,59.0157,5.28005e+06,5.27462e+06
334379,60.2344,31.7452,60.2628,59.0194,5.28005e+06,5.27462e+06
335379,60.2342,31.7452,60.2628,59.023,5.28005e+06,5.27462e+06
336379,60.2403,31.7452,60.2628,59.0267,5.28005e+06,5.27462e+06
337379,60.2353,31.7452,60.2628,59.0303,5.28005e+06,5.27462e+06
338379,60.2458,31.7452,60.2628,59.0339,5.28005e+06,5.27462e+06
339379,60.2413,31.7452,60.2628,59.0375,5.28005e+06,5.27462e+06
340379,60.2389,31.7452,60.2628,59.041,5.28006e+06,5.27462e+06
341379,60.2464,31.7452,60.2628,59.0446,5.28006e+06,5.27462e+06
342379,60.2502,31.7452,60.2628,59.0481,5.28005e+06,5.27462e+06
343379,60.259,31.7452,60.2628,59.0517,5.28005e+06,5.27462e+06
344379,60.2557,31.7452,60.2628,59.0552,5.28005e+06,5.27462e+06
345379,60.2511,31.7452,60.2628,59.0587,5.28005e+06,5.27462e+06
346379,60.2612,31.7452,60.2628,59.0622,5.28005e+06,5.27462e+06
347379,60.2575,31.7452,60.2628,59.0656,5.28005e+06,5.27462e+06
348379,60.2587,31.7452,60.2628,59.0691,5.28005e+06,5.27462e+06
349379,60.2595,31.7452,60.2628,59.0725,5.28005e+06,5.27462e+06
350379,60.2569,31.7452,60.2628,59.0759,5.28005e+06,5.27462e+06
351379,60.257,31.7452,60.2628,59.0793,5.28005e+06,5.27462e+06
352379,60.2668,31.7452,60.2668,59.0827,5.28005e+06,5.27462e+06
353379,60.2624,31.7452,60.2668,59.0861,5.28005e+06,5.27462e+06
354379,60.2716,31.7452,60.2716,59.0894,5.28005e+06,5.27462e+06
355379,60.2671,31.7452,60.2716,59.0928,5.28005e+06,5.27462e+06
356379,60.265,31.7452,60.2716,59.0961,5.28005e+06,5.27462e+06
357379,60.2721,31.7452,60.2721,59.0994,5.28005e+06,5.27462e+06
358379,60.2697,31.7452,60.2721,59.1027,5.28005e+06,5.27462e+06
359379,60.2655,31.7452,60.2721,59.1059,5.28005e+06,5.27462e+06
360379,60.2693,31.7452,60.2721,59.1092,5.28005e+06,5.27462e+06
361379,60.2698,31.7452,60.2721,59.1124,5.28005e+06,5.27462e+06
362379,60.2737,31.7452,60.2737,59.1156,5.28005e+06,5.27462e+06
363379,60.2813,31.7452,60.2813,59.1189,5.28005e+06,5.27462e+06
364379,60.2795,31.7452,60.2813,59.1221,5.28005e+06,5.27462e+06
365379,60.2861,31.7452,60.2861,59.1253,5.28005e+06,5.27462e+06
366379,60.284,31.7452,60.2861,59.1285,5.28005e+06,5.27462e+06
367379,60.2754,31.7452,60.2861,59.1316,5.28005e+06,5.27462e+06
