gpsTimestamp,latitude,longitude,height,velocityNorth,velocityEast,velocityDown,speed,track,positionDOP,satellites,fix
517989644,45.501,9.15638,170.063,-0.051,-0.153,-0.417,0.161,195.176,2.14,10,3
518098252,45.501,9.15638,170.198,-0.085,-0.301,-0.538,0.313,195.176,2.14,10,3
518199144,45.501,9.15638,170.284,0.055,-0.163,-0.494,0.172,195.176,2.14,10,3
518298380,45.501,9.15638,170.429,-0.11,-0.109,-0.568,0.155,195.176,2.14,10,3
518395776,45.501,9.15638,170.495,0.084,0.013,-0.607,0.085,195.176,2.14,10,3
518499716,45.501,9.15638,170.52,0.203,0.341,-0.327,0.397,195.176,2.14,10,3
518596416,45.501,9.15638,170.532,0.239,0.423,-0.259,0.486,195.176,2.14,10,3
518699692,45.501,9.15638,170.652,0.241,0.256,-0.311,0.351,195.176,2.14,10,3
518796228,45.501,9.15638,170.752,0.057,0.15,-0.285,0.16,195.176,2.14,10,3
518899704,45.501,9.15638,170.823,0.019,0.024,-0.195,0.03,195.176,2.14,10,3
518998260,45.501,9.15638,170.928,0.017,0.129,-0.095,0.13,195.176,2.14,10,3
519099692,45.501,9.15638,171.008,-0.124,-0.094,-0.306,0.155,195.176,2.14,10,3
519197484,45.501,9.15638,171.177,-0.04,-0.394,-0.612,0.396,195.176,2.14,10,3
519291816,45.501,9.15638,171.259,0.177,-0.077,-0.588,0.193,195.176,2.14,10,3
519399752,45.501,9.15638,171.317,0.178,-0.036,-0.653,0.182,195.176,2.14,10,3
519499732,45.501,9.15638,171.381,0.091,-0.095,-0.847,0.131,195.176,2.14,10,3
519596248,45.501,9.15638,171.461,0.078,-0.189,-0.861,0.204,195.176,2.14,10,3
519697480,45.501,9.15638,171.514,0.06,-0.026,-0.7,0.065,195.176,2.14,10,3
519794580,45.501,9.15638,171.541,0.153,0.209,-0.614,0.259,195.176,2.14,10,3
519896792,45.501,9.15638,171.49,0.089,0.332,-0.605,0.344,195.176,2.14,10,3
519994244,45.501,9.15638,171.535,-0.06,0.174,-0.619,0.184,195.176,2.14,10,3
520098272,45.501,9.15638,171.567,-0.133,0.236,-0.74,0.271,195.176,2.14,10,3
520193816,45.501,9.15638,171.611,-0.012,0.212,-0.716,0.212,195.176,2.14,10,3
520299692,45.501,9.15638,171.583,0.058,0.485,-0.644,0.488,195.176,2.14,10,3
520395488,45.501,9.15638,171.593,0.019,0.376,-0.604,0.376,195.176,2.14,10,3
520499704,45.501,9.15638,171.597,0.195,0.38,-0.59,0.427,195.176,2.14,10,3
520588260,45.501,9.15638,171.587,0.124,0.405,-0.592,0.423,195.176,2.14,10,3
520698596,45.501,9.15638,171.528,0.196,0.409,-0.481,0.454,195.176,2.14,10,3
520796792,45.501,9.15638,171.509,-0.114,0.385,-0.375,0.401,195.176,2.14,10,3
520894520,45.501,9.15638,171.521,0.024,0.158,-0.658,0.159,195.176,2.14,10,3
520999756,45.501,9.15638,171.503,0.031,0.056,-0.68,0.064,195.176,2.14,10,3
521099800,45.501,9.15638,171.498,0.046,0.093,-0.868,0.104,195.176,2.14,10,3
521198112,45.501,9.15638,171.471,0.053,0.117,-0.778,0.128,195.176,2.14,10,3
521296620,45.501,9.15638,171.453,0.093,0.235,-0.638,0.253,195.176,2.14,10,3
521394476,45.501,9.15638,171.513,0.115,0.285,-0.77,0.308,195.176,2.14,10,3
521498268,45.501,9.15638,171.528,0.062,0.263,-0.692,0.27,195.176,2.14,10,3
521595500,45.501,9.15638,171.52,0.029,0.124,-0.889,0.128,195.176,2.14,10,3
521699716,45.501,9.15638,171.533,0.088,0.138,-0.719,0.164,195.176,2.14,10,3
521795504,45.501,9.15638,171.556,0.223,0.259,-0.693,0.341,195.176,2.14,10,3
521893560,45.501,9.15638,171.587,0.191,0.24,-0.669,0.306,195.176,2.14,10,3
521995772,45.501,9.15638,171.596,0.006,0.217,-0.681,0.217,195.176,2.14,10,3
522096632,45.501,9.15638,171.602,0.26,0.281,-0.731,0.383,195.176,2.14,10,3
522194644,45.501,9.15638,171.53,0.065,0.194,-0.67,0.204,195.176,2.14,10,3
522298272,45.501,9.15638,171.486,0.13,0.182,-0.716,0.224,195.176,2.14,10,3
522395508,45.501,9.15638,171.474,0.013,0.02,-0.673,0.024,195.176,2.14,10,3
522500920,45.501,9.15638,171.525,-0.077,0.008,-0.679,0.077,195.176,2.14,10,3
522596584,45.501,9.15638,171.268,0.113,-0.116,0.092,0.162,195.176,2.14,10,3
522699716,45.501,9.15638,170.922,0.048,-0.091,0.668,0.103,195.176,2.14,10,3
522798168,45.501,9.15638,170.951,-0.128,-0.183,-0.141,0.224,195.176,2.14,10,3
522902252,45.501,9.15638,170.98,0.031,0.03,-0.378,0.043,195.176,2.14,10,3
522998268,45.501,9.15638,170.977,-0.074,-0.014,-0.495,0.075,195.176,2.14,10,3
523097504,45.501,9.15638,170.99,0.068,-0.006,-0.33,0.068,195.176,2.14,10,3
523195512,45.501,9.15638,171.066,-0.031,-0.131,-0.395,0.134,195.176,2.14,10,3
523297516,45.501,9.15638,171.098,0.01,-0.033,-0.415,0.034,195.176,2.14,10,3
523400444,45.501,9.15638,171.103,-0.055,-0.035,-0.364,0.066,195.176,2.14,10,3
523500964,45.501,9.15638,171.119,-0.03,0.011,-0.347,0.032,195.176,2.14,10,3
523602776,45.501,9.15638,171.215,-0.102,-0.076,-0.523,0.127,195.176,2.14,10,3
523702224,45.501,9.15638,171.229,-0.027,0.055,-0.482,0.061,195.176,2.14,10,3
523794264,45.501,9.15638,171.31,-0.055,-0.089,-0.453,0.105,195.176,2.14,10,3
523891528,45.501,9.15638,171.439,-0.169,-0.187,-0.522,0.252,195.176,2.14,10,3
524001508,45.501,9.15638,171.551,-0.114,-0.271,-0.564,0.294,195.176,2.14,10,3
524100912,45.501,9.15638,171.779,-0.328,0.206,-0.66,0.387,195.176,2.14,10,3
524203568,45.501,9.15638,171.926,-0.269,-0.085,-1.006,0.282,195.176,2.14,10,3
524299724,45.501,9.15638,172.077,-0.093,-0.414,-1.216,0.424,195.176,2.14,10,3
524399824,45.501,9.15638,172.202,-0.1,-0.516,-1.382,0.525,195.176,2.14,10,3
524496676,45.501,9.15638,172.264,-0.061,-0.33,-1.422,0.335,195.176,2.14,10,3
524596268,45.501,9.15638,172.388,-0.23,-0.235,-1.328,0.329,195.176,2.14,10,3
524699728,45.501,9.15638,172.442,-0.13,-0.401,-1.24,0.421,195.176,2.14,10,3
524797548,45.501,9.15638,172.495,-0.328,-0.28,-1.082,0.431,195.176,2.14,10,3
524898052,45.501,9.15638,172.539,-0.164,-0.322,-1.258,0.361,195.176,2.14,10,3
524997520,45.501,9.15638,172.583,-0.034,-0.176,-1.279,0.179,195.176,2.14,10,3
525093716,45.501,9.15638,172.575,0.003,0.059,-1.33,0.059,195.176,2.14,10,3
525195512,45.501,9.15638,172.604,0.221,-0.071,-1.485,0.232,195.176,2.14,10,3
525296016,45.501,9.15638,172.637,0.058,-0.218,-1.368,0.225,195.176,2.14,10,3
525393580,45.501,9.15638,172.6,0.005,-0.013,-1.276,0.014,195.176,2.14,10,3
525497516,45.501,9.15638,172.623,0.095,-0.019,-1.348,0.096,195.176,2.14,10,3
525594724,45.501,9.15638,172.673,0.137,-0.04,-1.383,0.143,195.176,2.14,10,3
525698572,45.501,9.15638,172.712,0.15,0.074,-1.302,0.168,195.176,2.14,10,3
525788380,45.501,9.15638,172.839,0.221,0.137,-1.372,0.26,195.176,2.14,10,3
525896008,45.501,9.15638,172.948,0.222,0.209,-1.513,0.305,195.176,2.14,10,3
525994200,45.501,9.15638,172.926,-0.085,0.045,-1.124,0.096,195.176,2.14,10,3
526096708,45.501,9.15638,172.988,0.062,-0.097,-1.401,0.115,195.176,2.14,10,3
526194296,45.501,9.15638,173.031,0.022,0.017,-1.327,0.028,195.176,2.14,10,3
526298288,45.501,9.15638,173.036,0.06,-0.014,-1.409,0.061,195.176,2.14,10,3
526395524,45.501,9.15638,173.101,0.188,-0.174,-1.288,0.256,195.176,2.14,10,3
526496584,45.501,9.15638,173.205,0.232,-0.252,-1.113,0.342,195.176,2.14,10,3
526595524,45.501,9.15638,173.388,0.175,-0.504,-1.709,0.533,195.176,2.14,10,3
526696748,45.501,9.15638,173.574,0.22,-0.432,-1.861,0.485,195.176,2.14,10,3
526794304,45.501,9.15638,173.775,0.463,-0.388,-1.862,0.604,195.176,2.14,10,3
526897512,45.501,9.15638,173.813,0.245,-0.145,-1.434,0.285,195.176,2.14,10,3
526995524,45.501,9.15638,173.906,0.176,-0.06,-1.327,0.186,195.176,2.14,10,3
527090860,45.501,9.15638,174.08,0.058,-0.17,-1.513,0.18,195.176,2.14,10,3
527195536,45.501,9.15638,174.189,0.134,-0.178,-1.291,0.223,195.176,2.14,10,3
527296780,45.501,9.15638,174.254,-0.053,-0.233,-1.176,0.239,195.176,2.14,10,3
527393708,45.501,9.15638,174.435,0.036,-0.407,-1.277,0.409,195.176,2.14,10,3
527496188,45.501,9.15638,174.504,0.125,-0.036,-1.03,0.13,195.176,2.14,10,3
527594208,45.501,9.15638,174.588,0.053,-0.008,-1.163,0.054,195.176,2.14,10,3
527696292,45.501,9.15638,174.645,-0.164,-0.161,-1.046,0.23,195.176,2.14,10,3
527795716,45.501,9.15638,174.741,-0.053,-0.058,-1.092,0.079,195.176,2.01,11,3
527896296,45.501,9.15638,174.845,-0.15,-0.204,-1.112,0.253,195.176,2.01,11,3
527994304,45.501,9.15638,174.856,-0.147,-0.013,-1.003,0.147,195.176,2.01,11,3
528096060,45.501,9.15638,174.843,0.148,0.171,-0.704,0.226,195.176,2.01,11,3
528197752,45.501,9.15638,174.897,0.202,0.063,-0.517,0.212,195.176,2.01,11,3
528295948,45.501,9.15638,174.9,0.125,0.138,-0.467,0.186,195.176,2.01,11,3
528389596,45.501,9.15638,174.954,-0.017,0.105,-0.386,0.106,195.176,2.01,11,3
528498296,45.501,9.15638,174.937,0.116,0.317,-0.307,0.337,195.176,2.01,11,3
528592308,45.501,9.15638,174.897,0.13,0.291,-0.326,0.319,195.176,2.01,11,3
528696920,45.501,9.15638,174.987,0.042,-0.002,-0.29,0.042,195.176,2.01,11,3
528795524,45.501,9.15638,175.209,-0.036,-0.306,-0.761,0.308,195.176,2.01,11,3
528896308,45.501,9.15638,175.468,-0.128,-0.503,-1.091,0.519,195.176,2.01,11,3
528998324,45.501,9.15638,175.556,-0.459,-0.385,-0.803,0.599,195.176,2.01,11,3
529088540,45.501,9.15638,175.663,-0.373,-0.371,-0.751,0.526,195.176,2.01,11,3
529190884,45.501,9.15638,175.68,0.023,-0.225,-0.692,0.226,195.176,2.01,11,3
529294312,45.501,9.15638,175.688,0.352,0.193,-0.365,0.401,195.176,2.01,11,3
529394312,45.501,9.15638,175.716,-0.259,0.454,-0.481,0.522,195.176,2.01,11,3
529495748,45.501,9.15638,175.689,0.019,0.165,-0.415,0.166,195.176,2.01,11,3
529594432,45.501,9.15638,175.699,0.066,-0.088,-0.625,0.11,195.176,2.01,11,3
529691544,45.501,9.15638,175.744,0.255,-0.37,-0.821,0.449,195.176,2.01,11,3
529794236,45.501,9.15638,175.776,-0.718,-0.773,-0.654,1.055,195.176,2.01,11,3
529898348,45.501,9.15638,175.81,-0.926,-0.931,-0.522,1.313,205.025,2.01,11,3
529996496,45.501,9.15638,175.803,0.15,-0.33,-0.824,0.362,205.025,2.01,11,3
530097544,45.501,9.15638,175.815,0.128,-0.095,-0.462,0.16,205.025,2.01,11,3
530197544,45.501,9.15638,175.721,0.472,0.121,-0.66,0.487,205.025,2.01,11,3
530299764,45.501,9.15638,175.773,0.187,0.148,-0.467,0.238,205.025,2.01,11,3
530396316,45.501,9.15638,175.841,0.115,0.269,-0.457,0.293,205.025,2.01,11,3
530499824,45.501,9.15638,175.904,-0.042,0.386,-0.532,0.388,205.025,2.01,11,3
530598388,45.501,9.15638,175.877,0.25,0.725,-0.564,0.767,205.025,2.01,11,3
530699836,45.501,9.15638,175.832,0.273,0.51,-0.413,0.578,205.025,2.01,11,3
530797552,45.501,9.15638,175.898,0.039,-0.188,-0.459,0.192,205.025,2.01,11,3
530901564,45.501,9.15638,175.967,0.122,0.07,-0.31,0.14,205.025,2.01,11,3
530994304,45.501,9.15639,175.978,0.153,0.245,-0.064,0.289,205.025,2.01,11,3
531099824,45.501,9.15639,175.987,0.046,-0.013,-0.235,0.048,205.025,2.01,11,3
531199888,45.501,9.15639,176.078,-0.171,0.275,-0.063,0.324,205.025,2.01,11,3
531298148,45.501,9.15639,176.097,-0.021,0.046,-0.02,0.051,205.025,2.01,11,3
531398228,45.501,9.15639,176.125,-0.063,-0.113,-0.224,0.129,205.025,2.01,11,3
531498320,45.501,9.15639,176.174,-0.049,0.078,-0.276,0.092,205.025,2.01,11,3
531597564,45.501,9.15639,176.163,0.182,-0.106,-0.15,0.211,205.025,2.01,11,3
531694832,45.501,9.15639,176.18,0.168,0.155,-0.234,0.229,205.025,2.01,11,3
531794324,45.501,9.15639,176.247,0.009,0.211,-0.394,0.211,205.025,2.01,11,3
531898884,45.501,9.15639,176.299,0.002,0.142,-0.392,0.142,205.025,2.01,11,3
531998160,45.501,9.15639,176.318,0.083,0.139,-0.332,0.162,205.025,2.01,11,3
532101564,45.501,9.15639,176.321,0.011,0.096,-0.297,0.096,205.025,2.01,11,3
532198324,45.501,9.15639,176.307,0.051,0.237,-0.526,0.243,205.025,2.01,11,3
532293568,45.501,9.15639,176.248,-0.625,-0.191,-0.781,0.654,205.025,2.01,11,3
532395552,45.501,9.15639,176.209,-0.085,0.078,-0.478,0.115,205.025,2.01,11,3
532500328,45.501,9.15639,176.193,0.204,0.047,-0.336,0.21,205.025,2.01,11,3
532596208,45.501,9.15639,176.08,0.138,0.218,-0.045,0.258,205.025,2.01,11,3
532698648,45.501,9.15639,176.034,0.017,0.322,0.101,0.322,205.025,2.01,11,3
532798148,45.501,9.15639,176.005,-0.021,0.375,-0.041,0.376,205.025,2.01,11,3
532899168,45.501,9.15639,176.095,-0.054,0.019,-0.078,0.058,205.025,2.01,11,3
532997576,45.501,9.15639,176.175,-0.012,-0.117,0.015,0.118,205.025,2.01,11,3
533103620,45.501,9.1564,176.21,0.362,0.024,-0.096,0.363,205.025,2.01,11,3
533196328,45.501,9.1564,176.137,0.258,0.501,-0.049,0.563,205.025,2.01,11,3
533299928,45.501,9.1564,176.124,0.234,0.482,0.046,0.536,205.025,2.01,11,3
533394564,45.501,9.1564,176.12,0.224,0.544,-0.006,0.588,205.025,2.01,11,3
533494868,45.501,9.1564,176.067,0.187,0.096,-0.161,0.21,205.025,2.01,11,3
533596140,45.501,9.1564,176.045,-0.196,-0.132,-0.144,0.236,205.025,2.01,11,3
533701596,45.501,9.1564,175.995,0.089,-0.38,-0.243,0.391,205.025,2.01,11,3
533805984,45.501,9.1564,176.04,-0.037,-0.237,-0.418,0.24,205.025,2.01,11,3
533899828,45.501,9.1564,176.04,-0.072,-0.129,-0.424,0.148,205.025,2.01,11,3
534000284,45.501,9.1564,175.984,0.113,0.12,-0.415,0.165,205.025,2.01,11,3
534102328,45.501,9.1564,175.974,0.07,0.095,-0.51,0.118,205.025,2.01,11,3
534203572,45.501,9.1564,175.988,0.041,0.022,-0.751,0.046,205.025,2.01,11,3
534305628,45.501,9.1564,175.939,0.117,0.076,-0.536,0.139,205.025,2.01,11,3
534398188,45.501,9.1564,175.938,-0.068,-0.215,-0.586,0.225,205.025,2.01,11,3
534498248,45.501,9.1564,175.919,-0.05,-0.061,-0.652,0.079,205.025,2.01,11,3
534598004,45.501,9.1564,175.952,-0.108,-0.006,-0.702,0.108,205.025,2.01,11,3
534701580,45.501,9.1564,175.924,0.096,0.26,-0.758,0.277,205.025,2.01,11,3
534798132,45.501,9.1564,175.921,-0.038,0.215,-0.86,0.219,205.025,2.01,11,3
534890908,45.501,9.1564,175.946,-0.076,0.231,-0.915,0.244,205.025,2.01,11,3
534998576,45.501,9.1564,176.012,0.029,0.156,-0.901,0.159,205.025,2.01,11,3
535099816,45.501,9.1564,176.029,0.127,0.253,-0.897,0.283,205.025,2.01,11,3
535197728,45.501,9.1564,175.969,0.212,0.302,-0.798,0.369,205.025,2.01,11,3
535297576,45.501,9.1564,175.984,0.112,0.46,-0.836,0.473,205.025,2.01,11,3
535398340,45.501,9.1564,176.043,0.079,0.306,-0.86,0.316,205.025,2.01,11,3
535498340,45.501,9.1564,176.034,0.097,0.204,-1.038,0.226,205.025,2.01,11,3
535596888,45.501,9.1564,176.041,-0.231,0.312,-0.915,0.388,205.025,2.01,11,3
535698340,45.501,9.1564,176.071,-0.003,0.385,-0.705,0.385,205.025,2.01,11,3
535798168,45.501,9.1564,176.056,0.191,0.353,-0.626,0.401,205.025,2.01,11,3
535896908,45.501,9.1564,176.058,0.253,0.358,-0.526,0.438,205.025,2.01,11,3
535997888,45.501,9.1564,176.03,-0.027,0.184,-0.555,0.186,205.025,2.01,11,3
536096652,45.501,9.15641,176.069,-0.218,0.046,-0.497,0.223,205.025,2.01,11,3
536195640,45.501,9.15641,176.08,-0.104,-0.099,-0.436,0.144,205.025,2.01,11,3
536298348,45.501,9.15641,176.107,-0.008,-0.038,-0.396,0.039,205.025,2.01,11,3
536399964,45.501,9.15641,176.093,-0.031,-0.059,-0.314,0.067,205.025,2.01,11,3
536498076,45.501,9.15641,176.129,-0.162,0.035,-0.256,0.166,205.025,2.01,11,3
536599280,45.501,9.15641,176.098,-0.189,-0.224,-0.332,0.293,205.025,2.01,11,3
536698552,45.501,9.15641,176.111,-0.017,-0.398,-0.486,0.398,205.025,2.01,11,3
536801604,45.501,9.15641,176.105,0,-0.136,-0.255,0.136,205.025,2.01,11,3
536896852,45.501,9.15641,176.132,-0.076,-0.191,-0.272,0.206,205.025,2.01,11,3
537001588,45.501,9.15641,176.196,-0.078,-0.153,-0.071,0.172,205.025,2.01,11,3
537099796,45.501,9.15641,176.212,-0.033,0.075,-0.031,0.082,205.025,2.01,11,3
537201660,45.501,9.15641,176.3,-0.044,0.039,0.125,0.059,205.025,2.01,11,3
537299768,45.501,9.15641,176.291,0.104,-0.092,0.16,0.139,205.025,2.01,11,3
537399944,45.501,9.15641,176.215,0.045,0.081,0.477,0.093,205.025,2.01,11,3
537493648,45.501,9.15641,176.205,0.045,0.234,0.484,0.238,205.025,2.01,11,3
537600360,45.501,9.15641,176.256,-0.087,0.056,0.351,0.104,205.025,2.01,11,3
537697904,45.501,9.15641,176.318,-0.117,0.05,0.326,0.127,205.025,2.01,11,3
537801600,45.501,9.15641,176.365,-0.202,0.243,0.272,0.316,205.025,2.01,11,3
537899800,45.501,9.15641,176.345,-0.061,-0.035,0.278,0.07,205.025,2.01,11,3
538001604,45.501,9.15641,176.311,0.205,0.172,0.134,0.267,205.025,2.01,11,3
538097784,45.501,9.15641,176.312,0.134,-0.575,0.03,0.59,205.025,2.01,11,3
538198516,45.501,9.15641,176.322,0.104,-0.548,-0.076,0.558,205.025,2.01,11,3
538298348,45.501,9.15641,176.358,0.058,-0.123,0.234,0.136,205.025,2.01,11,3
538399832,45.501,9.15641,176.343,-0.031,0.146,0.291,0.15,205.025,2.01,11,3
538496368,45.501,9.15641,176.392,0.044,-0.085,-0.018,0.095,205.025,2.01,11,3
538599888,45.501,9.15641,176.417,0.194,0.146,0.141,0.243,205.025,2.01,11,3
538696368,45.501,9.15641,176.488,0.074,-0.305,0.02,0.314,205.025,2.01,11,3
538793592,45.501,9.15641,176.555,0.134,-0.316,-0.03,0.344,205.025,2.01,11,3
538898304,45.501,9.15641,176.556,-0.214,-0.206,0.14,0.297,205.025,2.01,11,3
539000852,45.501,9.15641,176.629,-0.055,0.054,-0.034,0.077,205.025,2.01,11,3
539098356,45.501,9.15641,176.675,-0.095,0.207,0.107,0.228,205.025,2.01,11,3
539200256,45.501,9.15641,176.746,-0.112,0.185,-0.072,0.216,205.025,2.01,11,3
539297596,45.501,9.15642,176.881,-0.129,0.043,-0.207,0.136,205.025,2.01,11,3
539399856,45.501,9.15642,176.86,0.026,0.001,-0.313,0.026,205.025,2.01,11,3
539500040,45.501,9.15642,176.825,0.175,-0.327,-0.413,0.371,205.025,2.01,11,3
539598372,45.501,9.15642,176.965,-0.032,-0.137,-0.253,0.141,205.025,2.01,11,3
539692500,45.501,9.15642,177.016,0.11,-0.258,-0.189,0.281,205.025,2.01,11,3
539799816,45.501,9.15642,177.04,0.016,0.127,0.002,0.127,205.025,2.01,11,3
539895636,45.501,9.15642,177.111,0.119,-0.048,-0.229,0.128,205.025,2.01,11,3
539999076,45.501,9.15642,177.131,0.08,-0.193,-0.396,0.209,205.025,2.01,11,3
540090952,45.501,9.15642,177.207,0.171,-0.059,-0.29,0.181,205.025,2.01,11,3
540203604,45.501,9.15642,177.094,-0.076,-0.155,-0.107,0.173,205.025,2.01,11,3
540299912,45.501,9.15642,177.005,0.117,-0.106,-0.097,0.158,205.025,2.01,11,3
540399828,45.501,9.15642,177.01,-0.084,-0.148,-0.25,0.17,205.025,2.01,11,3
540498364,45.501,9.15642,177.115,0.034,-0.156,-0.442,0.16,205.025,2.01,11,3
540600668,45.501,9.15642,177.178,-0.062,-0.219,-0.473,0.227,205.025,2.01,11,3
540698624,45.501,9.15642,177.191,0.049,-0.081,-0.398,0.095,205.025,2.01,11,3
540800524,45.501,9.15642,177.254,-0.066,-0.482,-0.404,0.486,205.025,2.1,10,3
540899084,45.501,9.15642,177.413,-0.156,-0.283,-0.493,0.323,205.025,2.01,11,3
541001668,45.501,9.15642,177.596,-0.286,-0.19,-0.734,0.343,205.025,2.01,11,3
541105612,45.501,9.15642,177.567,0.056,-0.058,-0.616,0.081,205.025,2.1,10,3
541204392,45.501,9.15642,177.511,0.083,0.264,-0.515,0.277,205.025,2.1,10,3
541299176,45.501,9.15642,177.688,0.259,-0.036,-0.843,0.261,205.025,2.1,10,3
541396380,45.501,9.15642,177.657,0.208,0.373,-0.625,0.427,205.025,2.1,10,3
541505620,45.501,9.15642,177.604,0.183,0.272,-0.608,0.328,205.025,2.1,10,3
541597608,45.501,9.15642,177.538,0.338,0.276,-0.459,0.437,205.025,2.1,10,3
541696916,45.501,9.15642,177.523,0.136,0.153,-0.588,0.205,205.025,2.1,10,3
541799832,45.501,9.15642,177.486,0.158,0.135,-0.574,0.208,205.025,2.1,10,3
541895672,45.501,9.15642,177.465,0.051,0.211,-0.577,0.217,205.025,2.1,10,3
542000832,45.501,9.15642,177.481,-0.009,0.102,-0.505,0.102,205.025,2.1,10,3
542096136,45.501,9.15642,177.515,0.094,0.04,-0.527,0.102,205.025,2.1,10,3
542202392,45.501,9.15642,177.427,0.064,0.364,-0.562,0.37,205.025,2.1,10,3
542298376,45.501,9.15642,177.505,0.019,0.186,-0.683,0.187,205.025,2.1,10,3
542401624,45.501,9.15642,177.591,-0.026,-0.381,-0.829,0.382,205.025,2.1,10,3
542497624,45.501,9.15642,177.801,0.034,-0.231,-1.082,0.234,205.025,2.1,10,3
542602396,45.501,9.15642,177.877,0.077,-0.019,-1.069,0.079,205.025,2.1,10,3
542691664,45.501,9.15642,177.887,-0.108,0.117,-0.673,0.159,205.025,2.1,10,3
542800444,45.501,9.15642,177.831,0.051,0.282,-0.807,0.287,205.025,2.1,10,3
542896620,45.501,9.15642,177.793,-0.099,0.257,-0.638,0.275,205.025,2.1,10,3
543001668,45.501,9.15642,177.872,0.058,0.186,-0.803,0.195,205.025,2.1,10,3
543097632,45.501,9.15642,177.923,-0.005,0.074,-0.937,0.074,205.025,2.1,10,3
543205668,45.501,9.15642,178.082,0.024,-0.008,-1.087,0.026,205.025,2.1,10,3
543296408,45.501,9.15642,178.135,0.198,0.08,-0.875,0.214,205.025,2.1,10,3
543401664,45.501,9.15642,177.965,0.344,-0.559,-1.254,0.657,205.025,2.1,10,3
543500820,45.501,9.15642,177.884,0.222,-0.689,-1.298,0.724,205.025,2.1,10,3
543596312,45.501,9.15642,178.033,0.055,-0.363,-1.027,0.367,205.025,2.1,10,3
543706004,45.501,9.15642,178.133,-0.049,0.095,-0.853,0.107,205.025,2.1,10,3
543803624,45.501,9.15642,178.233,-0.052,-0.047,-0.876,0.07,205.025,2.1,10,3
543903632,45.501,9.15642,178.277,-0.005,-0.062,-1.064,0.062,205.025,2.1,10,3
543996404,45.501,9.15642,178.383,-0.167,-0.064,-1.123,0.178,205.025,2.1,10,3
544101664,45.501,9.15642,178.509,-0.075,-0.043,-1.187,0.086,205.025,2.1,10,3
544198396,45.501,9.15642,178.567,-0.087,0.025,-1.146,0.091,205.025,2.1,10,3
544299048,45.501,9.15642,178.678,-0.127,0.372,-1.024,0.393,205.025,2.1,10,3
544402596,45.501,9.15642,178.67,0.008,0.486,-1.156,0.486,205.025,2.1,10,3
544501776,45.501,9.15642,178.663,-0.01,0.173,-1.371,0.173,205.025,2.1,10,3
544601656,45.501,9.15642,178.738,0.025,0.189,-1.404,0.191,205.025,2.1,10,3
544703644,45.501,9.15642,178.874,-0.275,-0.171,-1.477,0.324,205.025,2.1,10,3
544805664,45.501,9.15642,179.011,-0.299,-0.455,-1.48,0.544,205.025,2.1,10,3
544895696,45.501,9.15642,179.206,0.17,-0.253,-2.106,0.305,205.025,2.19,9,3
544998412,45.501,9.15642,179.253,0.016,0.237,-1.599,0.238,205.025,2.19,9,3
545093672,45.501,9.15642,179.228,0.198,0.206,-1.151,0.286,205.025,2.19,9,3
545194860,45.501,9.15642,179.267,0.097,-0.177,-1.513,0.202,205.025,2.19,9,3
545287640,45.501,9.15642,179.049,-0.477,-0.391,-1.804,0.617,205.025,2.19,9,3
545395888,45.501,9.15642,178.868,-0.782,0.345,-2.083,0.855,205.025,2.19,9,3
545493696,45.501,9.15642,178.6,-1.204,0.696,-1.811,1.391,205.025,2.19,9,3
545596940,45.501,9.15642,178.592,-0.412,-0.58,-1.176,0.712,205.025,2.1,10,3
545693676,45.501,9.15642,178.49,0.491,-0.245,-0.547,0.549,205.025,2.19,9,3
545794668,45.501,9.15642,178.287,0.818,-0.132,0.303,0.829,205.025,2.19,9,3
545891664,45.501,9.15642,178.125,0.346,-0.229,0.892,0.415,205.025,2.19,9,3
545993128,45.501,9.15642,178.025,0.387,-0.615,1.426,0.726,205.025,2.19,9,3
546093644,45.501,9.15642,178.026,-0.003,-0.908,0.935,0.908,205.025,2.19,9,3
546195844,45.501,9.15642,178.121,0.233,-0.843,0.485,0.875,205.025,2.19,9,3
546294416,45.501,9.15641,178.174,0.067,-0.901,0.553,0.903,205.025,2.19,9,3
546393652,45.501,9.15641,178.108,0.426,-0.804,0.746,0.91,205.025,2.19,9,3
546493652,45.501,9.15641,178.057,0.808,-0.379,0.759,0.892,205.025,2.19,9,3
546586348,45.501,9.15641,178.11,0.541,-0.728,0.555,0.907,205.025,2.19,9,3
546693680,45.501,9.15641,178.205,0.847,-0.569,0.287,1.02,205.025,2.19,9,3
546798608,45.501,9.15641,178.257,0.897,-0.353,0.544,0.964,205.025,2.19,9,3
546894420,45.501,9.15641,178.157,0.804,-0.218,0.618,0.833,205.025,2.19,9,3
546994408,45.501,9.15641,178.171,0.724,-0.674,0.855,0.989,205.025,2.1,10,3
547096404,45.501,9.15641,178.199,0.603,-0.525,0.863,0.799,205.025,2.1,10,3
547194264,45.501,9.15641,178.259,0.714,-0.396,0.101,0.816,205.025,2.1,10,3
547294408,45.501,9.15641,178.624,0.874,-0.1,-0.027,0.88,205.025,2.1,10,3
547398296,45.501,9.1564,178.77,0.582,0.24,0.262,0.63,205.025,2.1,10,3
547494256,45.501,9.1564,178.836,0.619,-0.168,0.142,0.641,205.025,2.1,10,3
547594412,45.501,9.1564,178.829,0.33,-0.551,0.366,0.642,205.025,2.1,10,3
547694472,45.501,9.1564,178.948,0.585,0.165,0.222,0.608,205.025,2.1,10,3
547797700,45.501,9.1564,178.964,1.024,-0.023,0.436,1.024,205.025,2.1,10,3
547887704,45.501,9.1564,179.014,0.848,0.159,0.688,0.863,205.025,2.01,11,3
547996412,45.501,9.1564,178.955,0.828,0.182,0.627,0.848,205.025,2.01,11,3
548096124,45.501,9.1564,178.933,0.488,0.187,0.601,0.522,205.025,2.01,11,3
548197860,45.501,9.1564,178.831,-0.302,-1.098,0.439,1.139,232.164,2.01,11,3
548293968,45.501,9.1564,178.81,-0.197,-0.393,0.115,0.439,232.164,2.01,11,3
548398416,45.501,9.1564,178.584,0.469,0.026,-0.006,0.47,232.164,2.01,11,3
548495652,45.501,9.1564,178.241,0.38,0.192,0.381,0.426,232.164,2.01,11,3
548596420,45.501,9.1564,177.997,0.427,-0.001,0.655,0.427,232.164,2.01,11,3
548695692,45.501,9.1564,177.684,0.586,-0.004,0.668,0.586,232.164,2.01,11,3
548793672,45.501,9.1564,177.451,0.598,0.163,0.07,0.62,232.164,2.01,11,3
548891696,45.501,9.1564,177.234,0.448,0.216,0.307,0.497,232.164,2.01,11,3
548995956,45.501,9.1564,177.02,0.19,0.07,0.397,0.203,232.164,2.01,11,3
549095696,45.501,9.1564,176.678,0.403,0.092,0.947,0.413,232.164,2.01,11,3
549190992,45.501,9.1564,176.351,0.547,0.065,0.934,0.551,232.164,2.05,10,3
549298596,45.501,9.1564,176.132,0.812,0.027,0.645,0.813,301.955,2.05,10,3
549393680,45.501,9.1564,175.829,0.75,0.142,0.611,0.763,341.263,2.05,10,3
549497656,45.501,9.1564,175.528,0.51,0.214,0.78,0.553,341.263,2.05,10,3
549594432,45.501,9.1564,175.336,0.471,0.408,0.346,0.623,341.263,2.05,10,3
549698312,45.501,9.1564,175.095,0.778,0.389,0.909,0.87,2.65351,2.05,10,3
549798592,45.501,9.1564,174.945,0.846,0.362,0.571,0.921,14.0017,2.01,11,3
549899024,45.501,9.1564,174.783,0.855,0.42,0.431,0.952,20.2545,2.01,11,3
549999028,45.501,9.1564,174.541,0.615,0.486,0.699,0.784,26.533,2.01,11,3
550101840,45.501,9.1564,174.458,0.937,0.16,0.543,0.951,15.1335,2.01,11,3
550198432,45.501,9.15641,174.456,1.105,0.334,0.244,1.155,16.0716,2.01,11,3
550300444,45.501,9.15641,174.363,0.78,0.467,0.274,0.909,20.8612,2.01,11,3
550393700,45.501,9.15641,174.265,0.373,0.388,0.279,0.538,20.8612,2.01,11,3
550490336,45.501,9.15641,174.155,0.829,0.244,0.331,0.864,19.0481,2.01,11,3
550595708,45.501,9.15641,174.154,1.351,0.473,0.193,1.432,19.2335,2.01,11,3
550698348,45.501,9.15641,174.03,0.817,0.502,0.295,0.958,22.5495,2.01,11,3
550796432,45.501,9.15641,173.862,0.234,0.093,0.737,0.252,22.5495,2.01,11,3
550899904,45.501,9.15641,173.778,0.128,0.423,0.948,0.441,22.5495,2.01,11,3
550999884,45.501,9.15641,173.635,0.591,0.164,1.272,0.613,22.5495,2.01,11,3
551101684,45.501,9.15641,173.471,0.39,-0.102,1.541,0.403,22.5495,2.01,11,3
551199100,45.501,9.15641,173.399,0.779,-0.135,1.238,0.79,22.5495,2.01,11,3
551296352,45.501,9.15641,173.389,1.244,0.153,0.913,1.253,14.4309,2.01,11,3
551401692,45.501,9.15641,173.368,0.977,-0.092,0.829,0.981,14.4309,2.01,11,3
551501692,45.501,9.15641,173.299,1.217,0.08,0.843,1.219,9.3401,2.01,11,3
551598056,45.501,9.15641,173.239,0.921,0.187,0.645,0.94,9.3401,2.01,11,3
551699888,45.501,9.15641,173.165,0.299,0.102,0.643,0.316,9.3401,2.01,11,3
551792692,45.501,9.15641,173.106,0.453,0.29,0.622,0.538,9.3401,2.01,11,3
551895844,45.501,9.15641,173,0.277,0.221,0.837,0.354,9.3401,2.01,11,3
552001712,45.501,9.15641,172.931,0.249,0.268,0.792,0.366,9.3401,2.01,11,3
552095744,45.501,9.15641,173.01,0.692,0.105,0.207,0.7,9.3401,2.01,11,3
552199892,45.5011,9.15641,173.016,0.392,0.56,-0.055,0.684,9.3401,2.01,11,3
552299892,45.5011,9.15642,173.042,0.102,0.606,0.102,0.614,9.3401,2.01,11,3
552395908,45.5011,9.15642,173.071,-0.161,0.667,0.142,0.686,9.3401,2.01,11,3
552498428,45.5011,9.15642,173.164,0.117,0.809,0.109,0.817,9.3401,2.01,11,3
552597908,45.5011,9.15642,173.234,0.171,1.161,-0.011,1.174,41.1942,2.01,11,3
552701720,45.5011,9.15642,173.322,0.809,0.629,-0.034,1.025,41.1942,2.01,11,3
552797948,45.5011,9.15642,173.279,0.552,0.484,0.534,0.734,41.1942,2.01,11,3
552898808,45.5011,9.15642,173.465,0.508,1.255,-0.123,1.354,56.9447,2.01,11,3
552997716,45.5011,9.15642,173.344,1.028,0.125,0.518,1.036,56.9447,2.01,11,3
553094452,45.5011,9.15642,173.283,0.517,0.05,0.818,0.52,56.9447,2.01,11,3
553197728,45.5011,9.15642,173.216,0.809,0.04,0.952,0.81,56.9447,2.01,11,3
553303720,45.5011,9.15643,173.162,0.826,0.15,0.896,0.84,56.9447,2.01,11,3
553397944,45.5011,9.15643,173.18,1.006,0.069,0.7,1.008,56.9447,2.01,11,3
553497700,45.5011,9.15643,173.154,0.708,0.012,0.676,0.709,56.9447,2.01,11,3
553601684,45.5011,9.15643,173.261,0.395,0.398,0.126,0.56,56.9447,2.01,11,3
553698056,45.5011,9.15643,173.315,0.399,0.426,-0.02,0.584,56.9447,2.01,11,3
553799940,45.5011,9.15643,173.344,0.532,0.279,0.05,0.601,56.9447,2.01,11,3
553896448,45.5011,9.15643,173.394,0.681,0.321,0.031,0.752,56.9447,2.01,11,3
554001704,45.5011,9.15643,173.447,0.985,0.449,-0.065,1.082,56.9447,2.01,11,3
554098084,45.5011,9.15643,173.398,0.567,0.606,0.296,0.83,56.9447,2.01,11,3
554208072,45.5011,9.15643,173.359,0.664,0.565,0.359,0.872,56.9447,2.01,11,3
554304472,45.5011,9.15643,173.369,0.221,0.431,0.086,0.485,56.9447,2.01,11,3
554398536,45.5011,9.15643,173.366,0.399,0.573,0.089,0.698,56.9447,2.01,11,3
554498252,45.5011,9.15643,173.286,0.862,0.449,0.438,0.972,45.0824,2.01,11,3
554598284,45.5011,9.15643,173.297,0.871,0.329,0.235,0.932,45.0824,2.01,11,3
554701704,45.5011,9.15643,173.206,0.324,0.314,0.72,0.451,45.0824,2.01,11,3
554796456,45.5011,9.15643,173.093,0.585,0.211,0.884,0.622,45.0824,2.01,11,3
554901112,45.5011,9.15644,172.997,0.423,0.113,1.225,0.438,45.0824,2.01,11,3
554996716,45.5011,9.15644,172.909,0.76,0.016,1.092,0.761,45.0824,2.01,11,3
555099904,45.5011,9.15644,172.83,0.344,0.122,1.192,0.365,45.0824,2.01,11,3
555196228,45.5011,9.15644,172.811,0.577,0.326,0.781,0.663,45.0824,2.01,11,3
555298444,45.5011,9.15644,172.741,0.307,0.308,0.895,0.435,45.0824,2.01,11,3
555396304,45.5011,9.15644,172.713,0.256,0.573,0.796,0.628,45.0824,2.01,11,3
555498460,45.5011,9.15644,172.719,0.221,0.514,0.512,0.559,45.0824,2.01,11,3
555596460,45.5011,9.15644,172.683,0.373,0.559,0.607,0.672,45.0824,2.01,11,3
555694392,45.5011,9.15644,172.693,0.502,0.35,0.281,0.612,45.0824,2.01,11,3
555797808,45.5011,9.15644,172.693,0.622,0.504,0.37,0.801,45.0824,2.01,11,3
555900640,45.5011,9.15644,172.646,0.955,0.535,0.657,1.094,36.7247,2.01,11,3
555997896,45.5011,9.15644,172.605,1.17,0.299,0.869,1.207,24.837,2.01,11,3
556097688,45.5011,9.15644,172.574,0.665,0.328,0.876,0.742,24.837,2.01,11,3
556196156,45.5011,9.15644,172.494,1.115,0.444,0.983,1.2,23.3344,2.01,11,3
556297756,45.5011,9.15645,172.353,0.769,0.337,1.226,0.839,23.3344,2.01,11,3
556398488,45.5011,9.15645,172.265,0.909,0.519,1.369,1.047,23.3344,2.01,11,3
556496484,45.5011,9.15645,172.156,0.852,0.27,1.382,0.893,23.3344,2.01,11,3
556598300,45.5011,9.15645,172.056,0.432,0.375,1.137,0.571,23.3344,2.01,11,3
556696308,45.5011,9.15645,171.957,0.569,0.542,1.111,0.786,23.3344,2.01,11,3
556801160,45.5011,9.15645,171.799,0.443,0.604,1.538,0.749,23.3344,2.01,11,3
556896476,45.5011,9.15645,171.635,0.304,0.799,1.459,0.855,23.3344,2.01,11,3
556994320,45.5011,9.15645,171.458,-0.364,0.481,1.437,0.603,23.3344,2.01,11,3
557101716,45.5011,9.15645,171.341,-0.439,0.255,1.185,0.508,23.3344,2.01,11,3
557201728,45.5011,9.15645,171.28,0.056,0.458,0.89,0.461,23.3344,2.01,11,3
557297752,45.5011,9.15645,171.165,-0.023,0.479,0.984,0.479,23.3344,2.01,11,3
557401724,45.5011,9.15646,171.046,-0.355,0.467,1.109,0.587,23.3344,2.01,11,3
557497740,45.5011,9.15646,170.969,0.058,0.21,0.818,0.218,23.3344,2.01,11,3
557600704,45.5011,9.15646,170.858,-0.486,0.423,1.032,0.644,23.3344,2.01,11,3
557696468,45.5011,9.15646,170.815,0.119,0.264,0.831,0.289,23.3344,2.01,11,3
557797776,45.5011,9.15646,170.765,0.047,0.587,0.644,0.589,23.3344,2.01,11,3
557894460,45.5011,9.15646,170.726,-0.062,0.685,0.422,0.688,23.3344,2.01,11,3
557998336,45.5011,9.15646,170.674,0.216,0.599,0.36,0.636,23.3344,2.01,11,3
558095780,45.5011,9.15646,170.529,-0.655,0.655,0.992,0.926,23.3344,2.01,11,3
558201268,45.5011,9.15646,170.455,-0.381,0.525,0.824,0.649,23.3344,2.01,11,3
558293116,45.5011,9.15646,170.347,-0.458,0.23,0.999,0.513,23.3344,2.01,11,3
558399324,45.5011,9.15646,170.217,-0.462,0.099,1.087,0.472,23.3344,2.01,11,3
558501072,45.5011,9.15646,170.022,-0.426,-0.132,1.632,0.446,23.3344,2.01,11,3
558601728,45.5011,9.15646,169.795,-1.137,-0.095,1.887,1.141,98.3799,2.01,11,3
558697712,45.5011,9.15646,169.553,-1.063,-0.162,1.944,1.076,98.3799,2.01,11,3
558801024,45.5011,9.15646,169.292,-1.031,-0.293,2.413,1.072,98.3799,2.01,11,3
558898484,45.5011,9.15646,169.015,-1.768,-0.19,2.426,1.779,159.525,2.01,11,3
559002216,45.5011,9.15646,168.784,-0.444,-0.403,2.565,0.6,159.525,2.01,11,3
559106180,45.5011,9.15646,168.517,-0.335,-0.883,2.714,0.945,159.525,2.01,11,3
559205732,45.5011,9.15646,168.307,-0.244,-0.722,2.642,0.762,159.525,2.01,11,3
559303724,45.5011,9.15646,168.111,-0.293,-0.187,2.569,0.348,159.525,2.01,11,3
559398492,45.5011,9.15646,167.987,-0.33,-0.489,1.87,0.59,159.525,2.01,11,3
559504492,45.5011,9.15646,167.77,-0.309,-0.399,2.181,0.505,159.525,2.01,11,3
559596484,45.5011,9.15646,167.614,-0.204,-0.055,1.781,0.211,159.525,2.01,11,3
559706104,45.5011,9.15646,167.422,-0.633,-0.028,2.01,0.633,159.525,2.01,11,3
559806016,45.5011,9.15646,167.224,-0.055,-0.464,1.655,0.468,159.525,2.01,11,3
559901204,45.5011,9.15646,166.998,-0.239,-0.72,1.984,0.759,159.525,2.01,11,3
560001740,45.5011,9.15646,166.813,-0.451,-0.665,2.072,0.803,159.525,2.01,11,3
560103740,45.5011,9.15646,166.658,-0.095,-0.634,1.772,0.641,159.525,2.01,11,3
560199940,45.5011,9.15646,166.387,-0.453,-0.688,2.198,0.823,159.525,2.01,11,3
560303728,45.5011,9.15646,166.104,-0.58,-0.907,2.313,1.077,159.525,2.01,11,3
560399392,45.5011,9.15646,165.851,-0.434,-1.429,2.508,1.494,199.237,2.01,11,3
560501776,45.5011,9.15646,165.575,-0.495,-1.142,2.712,1.245,219.021,2.01,11,3
560599372,45.5011,9.15646,165.46,-0.762,-0.784,2.232,1.093,222.246,2.01,11,3
560703948,45.5011,9.15646,165.286,-0.595,-0.732,2.484,0.943,222.246,2.01,11,3
560799944,45.5011,9.15646,165.174,-0.575,-0.64,2.006,0.861,222.246,2.01,11,3
560895988,45.5011,9.15646,164.964,-0.375,-0.553,2.163,0.669,222.246,2.01,11,3
561002492,45.5011,9.15646,164.836,-0.262,-0.519,1.805,0.582,222.246,2.01,11,3
561096500,45.5011,9.15646,164.725,-0.52,-0.244,1.63,0.575,222.246,2.01,11,3
561199280,45.5011,9.15646,164.614,-0.149,-0.238,1.494,0.281,222.246,2.01,11,3
561296500,45.5011,9.15646,164.474,-0.444,-0.291,1.519,0.53,222.246,2.01,11,3
561403380,45.5011,9.15646,164.279,-0.48,-0.199,1.903,0.52,222.246,2.01,11,3
561496488,45.5011,9.15646,164.182,-0.209,-0.117,1.824,0.239,222.246,2.01,11,3
561598496,45.5011,9.15646,163.973,-0.415,-0.254,2.155,0.486,222.246,2.01,11,3
561598496,45.5011,9.15646,163.973,-0.415,-0.254,2.155,0.486,222.246,2.01,11,3
561799348,45.5011,9.15646,163.659,-0.269,-0.719,2.385,0.768,222.246,2.01,11,3
561895444,45.5011,9.15646,163.465,-0.318,-0.667,2.285,0.739,222.246,2.01,11,3
561998660,45.5011,9.15646,163.354,-0.137,-0.396,2.055,0.419,222.246,2.01,11,3
562096508,45.5011,9.15646,163.262,-0.093,-0.605,2.049,0.613,222.246,2.01,11,3
562193756,45.5011,9.15646,163.238,-0.634,-0.527,1.5,0.825,222.246,2.01,11,3
562294496,45.5011,9.15646,163.132,-0.476,-0.623,1.631,0.784,222.246,2.01,11,3
562398496,45.5011,9.15646,163.172,-0.53,-0.254,1.177,0.588,222.246,2.01,11,3
562496484,45.5011,9.15646,163.012,-0.829,-0.406,1.609,0.923,222.246,2.01,11,3
562598524,45.5011,9.15646,162.953,-0.866,-0.124,1.497,0.875,222.246,2.01,11,3
562696016,45.5011,9.15646,162.859,-0.909,-0.222,1.426,0.936,222.246,2.01,11,3
562801308,45.5011,9.15646,162.733,-1.041,-0.801,1.425,1.314,219.902,2.01,11,3
562900508,45.5011,9.15646,162.642,-1.301,-0.968,1.438,1.621,217.893,2.01,11,3
562999336,45.5011,9.15646,162.402,-1.362,-1.164,2.011,1.792,219.305,2.01,11,3
563101756,45.5011,9.15646,162.308,-1.016,-1.319,1.944,1.665,224.97,2.01,11,3
563198504,45.5011,9.15646,162.268,-0.737,-1.061,1.443,1.292,229.12,2.01,11,3
563300500,45.5011,9.15646,162.383,-0.874,-0.738,0.917,1.144,229.12,2.01,11,3
563398232,45.5011,9.15646,162.396,-1.219,-0.359,0.752,1.27,229.12,2.01,11,3
563498640,45.5011,9.15646,162.393,-0.888,-0.622,0.772,1.085,229.12,2.01,11,3
563598184,45.5011,9.15646,162.38,-1.33,-0.58,0.761,1.451,215.443,2.01,11,3
563697804,45.5011,9.15646,162.511,-0.901,-0.527,0.113,1.044,215.443,2.01,11,3
563798504,45.5011,9.15646,162.609,0.32,-0.563,0.21,0.648,215.443,2.01,11,3
563895820,45.5011,9.15646,162.652,-0.349,-0.335,-0.2,0.484,215.443,2.01,11,3
563999072,45.5011,9.15646,162.676,-0.669,-0.481,-0.163,0.824,215.443,2.01,11,3
564097808,45.5011,9.15646,162.682,-0.622,-0.744,-0.045,0.97,215.443,2.01,11,3
564201088,45.5011,9.15646,162.727,-0.687,-0.408,0.097,0.799,215.443,2.01,11,3
564298432,45.5011,9.15646,162.8,-0.926,-0.668,0.022,1.142,215.443,2.01,11,3
564402200,45.5011,9.15646,162.808,-0.763,-0.618,-0.055,0.982,215.443,2.01,11,3
564505888,45.5011,9.15646,162.852,-0.188,-0.495,-0.087,0.53,215.443,2.01,11,3
564606020,45.5011,9.15646,162.924,-0.294,-0.699,0.005,0.758,215.443,2.01,11,3
564698512,45.5011,9.15646,163.006,-1.084,-0.806,0.175,1.351,216.029,2.01,11,3
564793760,45.5011,9.15645,163.083,-0.789,-1.104,0.033,1.357,216.029,2.01,11,3
564899960,45.5011,9.15645,162.986,-0.673,-0.758,-0.05,1.013,216.029,2.01,11,3
564999260,45.5011,9.15645,162.883,-0.832,-0.964,0.564,1.273,216.029,2.01,11,3
565101092,45.5011,9.15645,162.723,-0.259,-1.195,0.851,1.223,216.029,2.01,11,3
565198912,45.5011,9.15645,162.959,-0.092,-0.758,-0.034,0.764,216.029,2.01,11,3
565301312,45.5011,9.15645,163.136,0.011,-0.94,-0.363,0.94,216.029,2.01,11,3
565399968,45.5011,9.15645,163.1,-0.221,-0.314,-0.462,0.384,216.029,2.01,11,3
565501800,45.5011,9.15645,162.984,-1.032,0.443,-0.77,1.123,216.029,2.01,11,3
565598292,45.5011,9.15645,163.004,-1.318,0.297,-0.355,1.351,193.147,2.01,11,3
565700420,45.5011,9.15645,162.908,-1.496,-0.695,0.29,1.649,199.771,2.01,11,3
565799060,45.5011,9.15645,162.902,-1.062,-0.939,0.248,1.418,199.771,2.01,11,3
565898628,45.5011,9.15645,162.989,-0.606,-0.442,-0.136,0.75,199.771,2.01,11,3
565998520,45.5011,9.15645,163,-1.363,-0.173,-0.001,1.374,194.295,2.01,11,3
566094524,45.5011,9.15645,163.146,-0.848,-0.265,-0.463,0.889,194.295,2.01,11,3
566202444,45.5011,9.15645,163.292,-0.699,-0.077,-0.473,0.703,194.295,2.01,11,3
566301772,45.5011,9.15645,163.35,-0.86,0.073,-0.202,0.863,194.295,2.01,11,3
566400028,45.5011,9.15645,163.489,-0.919,0.436,-0.704,1.018,194.295,2.01,11,3
566501800,45.5011,9.15645,163.61,-0.752,0.384,-0.662,0.844,194.295,2.01,11,3
566598952,45.5011,9.15645,163.57,-0.494,-0.073,-0.557,0.499,194.295,2.01,11,3
566701044,45.5011,9.15645,163.457,-0.466,-0.948,-0.132,1.057,194.295,2.01,11,3
566798112,45.5011,9.15645,163.341,-0.697,-0.353,-0.396,0.781,194.295,2.01,11,3
566900928,45.5011,9.15645,163.407,-0.977,-0.447,-0.348,1.075,194.295,2.01,11,3
566999052,45.5011,9.15645,163.317,-1.011,-0.586,-0.003,1.168,194.295,2.01,11,3
567101780,45.5011,9.15645,163.463,-0.912,-0.643,-0.475,1.116,194.295,2.01,11,3
567200520,45.5011,9.15645,163.504,-0.963,-0.307,-0.276,1.011,194.295,2.01,11,3
567299468,45.5011,9.15645,163.549,-0.732,0.099,-0.499,0.739,194.295,2.01,11,3
567393052,45.5011,9.15645,163.546,-0.461,-0.194,-0.481,0.5,194.295,2.01,11,3
567501040,45.5011,9.15645,163.596,-0.506,-0.242,-0.646,0.561,194.295,2.01,11,3
567596524,45.5011,9.15645,163.654,-0.808,-0.152,-0.775,0.822,194.295,2.01,11,3
567701772,45.5011,9.15645,163.819,-1.135,-0.31,-1.069,1.177,194.295,2.01,11,3
567798456,45.5011,9.15645,163.775,-1.207,-0.658,-0.771,1.375,194.295,2.01,11,3
567898532,45.5011,9.15645,163.565,-1.141,-0.672,-0.55,1.324,194.295,2.01,11,3
567999980,45.501,9.15645,163.664,-1.27,-0.177,-0.677,1.283,194.295,2.01,11,3
568100396,45.501,9.15645,163.718,-1.149,-0.359,-0.79,1.204,194.295,2.01,11,3
568198744,45.501,9.15645,163.645,-0.595,-0.463,-0.544,0.754,194.295,2.01,11,3
568300268,45.501,9.15645,163.72,-0.295,-0.29,-0.679,0.413,194.295,2.01,11,3
568398488,45.501,9.15644,163.596,-0.091,-0.362,-0.325,0.373,194.295,2.01,11,3
568500532,45.501,9.15644,163.325,-0.458,-0.032,-0.101,0.46,194.295,2.01,11,3
568597836,45.501,9.15644,163.056,-0.433,-0.787,-0.099,0.898,194.295,2.01,11,3
568693792,45.501,9.15644,163.123,-0.961,-0.767,-0.23,1.23,194.295,2.01,11,3
568799980,45.501,9.15644,163.167,-0.43,-0.542,-0.026,0.691,194.295,2.01,11,3
568900144,45.501,9.15644,163.156,-0.26,-0.825,0.041,0.865,194.295,2.01,11,3
568998480,45.501,9.15644,163.056,-0.72,-0.44,0.064,0.844,194.295,2.01,11,3
569102904,45.501,9.15644,162.96,-0.997,0.129,0.132,1.005,194.295,2.01,11,3
569202272,45.501,9.15644,162.788,-0.702,0.211,0.277,0.733,194.295,2.01,11,3
569301792,45.501,9.15644,162.793,-0.807,-0.134,0.093,0.818,194.295,2.01,11,3
569405796,45.501,9.15644,162.663,-1.141,0.305,0.517,1.181,194.295,2.01,11,3
569502528,45.501,9.15644,162.514,-1.381,0.33,0.656,1.42,178.857,2.01,11,3
569602140,45.501,9.15644,162.551,-1.037,-0.153,0.177,1.048,178.857,2.01,11,3
569703788,45.501,9.15644,162.584,-1.203,-0.287,0.123,1.237,178.857,2.01,11,3
569800148,45.501,9.15644,162.564,-0.956,0.239,0.09,0.985,178.857,2.01,11,3
569898540,45.501,9.15644,162.609,-0.795,0.085,-0.114,0.8,178.857,2.01,11,3
569994540,45.501,9.15644,162.496,-0.766,-0.461,0.129,0.894,178.857,2.01,11,3
570098532,45.501,9.15644,162.492,-0.869,-0.567,-0.15,1.038,178.857,2.01,11,3
570202552,45.501,9.15644,162.491,-0.728,-0.723,-0.07,1.026,178.857,2.01,11,3
570301792,45.501,9.15644,162.54,-0.928,-0.125,-0.26,0.936,178.857,2.01,11,3
570400340,45.501,9.15644,162.585,-0.838,0.335,-0.309,0.903,178.857,2.01,11,3
570498316,45.501,9.15644,162.636,-1.129,-0.029,-0.008,1.129,178.857,2.01,11,3
570601208,45.501,9.15644,162.776,-1.266,0.196,-0.372,1.281,178.857,2.01,11,3
570700312,45.501,9.15644,162.828,-1.159,0.079,-0.616,1.162,178.857,2.01,11,3
570801296,45.501,9.15644,162.804,-1.103,-0.521,-0.554,1.219,178.857,2.01,11,3
570901044,45.501,9.15644,162.916,-0.807,-0.096,-1.03,0.813,178.857,2.01,11,3
571003788,45.501,9.15644,163.087,-0.977,-0.372,-0.552,1.046,178.857,2.01,11,3
571100548,45.501,9.15644,163.184,-0.769,-0.165,-0.697,0.786,178.857,2.01,11,3
571201252,45.501,9.15644,163.22,-0.853,-0.054,-0.785,0.854,178.857,2.01,11,3
571294556,45.501,9.15644,163.316,-1.013,0.242,-0.641,1.041,178.857,2.01,11,3
571398552,45.501,9.15644,163.379,-0.723,-0.212,-0.789,0.753,178.857,2.01,11,3
571503792,45.501,9.15644,163.313,-0.621,0.394,-0.208,0.736,178.857,1.88,12,3
571601860,45.501,9.15644,163.191,-0.155,-0.276,-0.237,0.316,178.857,1.88,12,3
571700388,45.501,9.15644,163.124,-0.495,0.163,-0.11,0.521,178.857,1.88,12,3
571798124,45.501,9.15644,162.99,-0.644,0.211,0.283,0.677,178.857,1.88,12,3
571899416,45.501,9.15644,162.791,-0.653,0.147,0.551,0.669,178.857,1.88,12,3
571999400,45.501,9.15644,162.562,-0.371,-0.164,0.767,0.405,178.857,1.88,12,3
572097828,45.501,9.15643,162.424,-0.194,-0.42,0.93,0.463,178.857,1.88,12,3
572200008,45.501,9.15643,162.185,-0.033,-0.27,1.317,0.272,178.857,1.88,12,3
572297996,45.501,9.15643,161.992,0.011,-0.355,1.461,0.355,178.857,1.88,12,3
572400012,45.501,9.15643,161.94,0.275,-0.407,1.107,0.491,178.857,1.88,12,3
572497912,45.501,9.15643,161.897,0.478,0.25,1.131,0.539,178.857,1.88,12,3
572594544,45.501,9.15643,161.908,0.893,-0.379,1.057,0.97,178.857,1.88,12,3
572698016,45.501,9.15643,161.836,0.708,0.003,0.872,0.708,178.857,1.88,12,3
572799112,45.501,9.15644,161.891,1.066,0.042,0.586,1.067,178.857,1.88,12,3
572898560,45.501,9.15644,162.047,0.742,0.138,0.001,0.755,178.857,2.01,11,3
572996548,45.501,9.15644,162.14,0.559,0.054,-0.37,0.561,178.857,2.01,11,3
573098560,45.501,9.15644,162.311,0.593,0.427,-0.538,0.731,178.857,2.01,11,3
573196560,45.501,9.15644,162.383,0.993,0.864,-0.684,1.316,96.8804,2.01,11,3
573298232,45.501,9.15644,162.384,1.045,1.256,-0.717,1.634,69.262,1.88,12,3
573395832,45.501,9.15644,162.418,0.442,1.12,-0.885,1.204,69.0128,1.88,12,3
573497940,45.501,9.15644,162.461,-0.127,0.975,-0.995,0.983,69.0128,1.88,12,3
573600188,45.501,9.15644,162.528,0.03,0.77,-0.632,0.771,69.0128,1.88,12,3
573693928,45.501,9.15644,162.742,0.467,0.59,-0.814,0.753,69.0128,1.88,12,3
573794572,45.501,9.15644,162.778,0.988,0.003,-0.817,0.988,69.0128,1.88,12,3
573889804,45.501,9.15644,162.65,0.748,-0.225,-0.237,0.781,69.0128,1.88,12,3
573996556,45.501,9.15644,162.728,0.484,-0.009,-0.348,0.484,69.0128,1.88,12,3
574096348,45.501,9.15644,163.003,0.322,-0.381,-0.495,0.499,69.0128,1.88,12,3
574195868,45.501,9.15644,163.094,0.511,-0.021,-0.272,0.512,69.0128,1.88,12,3
574296368,45.501,9.15644,163.251,1.543,-0.051,-0.387,1.543,26.3786,1.88,12,3
574394212,45.501,9.15644,163.352,1.581,0.217,-0.101,1.596,16.4426,1.88,12,3
574500112,45.501,9.15644,163.431,1.761,0.113,-0.129,1.765,9.32871,1.88,12,3
574598572,45.501,9.15645,163.553,1.308,0.289,-0.441,1.339,10.4323,1.88,12,3
574703820,45.501,9.15645,163.641,1.221,0.508,-0.375,1.322,17.1354,1.88,12,3
574804360,45.501,9.15645,163.717,0.976,0.411,-0.268,1.059,19.3854,1.88,12,3
574897868,45.501,9.15645,163.66,1.359,0.556,-0.173,1.468,21.2585,1.88,12,3
574997880,45.501,9.15645,163.635,0.941,0.148,-0.237,0.953,17.0389,1.88,12,3
575101336,45.501,9.15645,163.499,0.703,0.486,0.011,0.855,17.0389,1.88,12,3
575193816,45.501,9.15645,163.474,0.595,0.584,-0.374,0.834,17.0389,1.88,12,3
575301828,45.5011,9.15645,163.58,0.56,0.395,0.156,0.685,17.0389,1.88,12,3
575398052,45.5011,9.15645,163.752,0.849,0.419,0.334,0.947,17.0389,1.88,12,3
575502564,45.5011,9.15645,163.932,0.953,0.369,0.123,1.022,19.1105,1.88,12,3
575598088,45.5011,9.15645,164.194,0.865,0.442,-0.149,0.971,22.8568,1.88,12,3
575700028,45.5011,9.15645,164.268,0.708,0.324,-0.008,0.778,22.8568,1.88,12,3
575798032,45.5011,9.15645,164.408,1,0.598,0.008,1.165,27.6864,1.88,12,3
575901064,45.5011,9.15645,164.423,0.874,0.725,0.38,1.135,33.0396,1.88,12,3
575998128,45.5011,9.15645,164.418,0.64,0.438,0.516,0.776,33.0396,1.88,12,3
576098596,45.5011,9.15645,164.506,0.386,0.417,0.279,0.568,33.0396,1.88,12,3
576197844,45.5011,9.15645,164.454,-0.067,0.225,0.637,0.234,33.0396,1.88,12,3
576300040,45.5011,9.15645,164.244,-0.802,0.419,0.648,0.904,89.7171,1.88,12,3
576395892,45.5011,9.15645,164.153,-0.121,0.298,1.361,0.321,89.7171,1.88,12,3
576493856,45.5011,9.15645,164.172,-0.423,0.389,0.892,0.574,89.7171,1.88,12,3
576597956,45.5011,9.15645,164.118,0.01,0.479,1.316,0.479,89.7171,1.88,12,3
576698300,45.5011,9.15646,164.147,-0.205,0.549,0.947,0.586,89.7171,1.88,12,3
576798196,45.5011,9.15646,164.118,-0.14,0.335,1.282,0.363,89.7171,1.88,12,3
576900592,45.5011,9.15646,164.051,0.068,0.627,1.503,0.631,89.7171,1.88,12,3
576998572,45.5011,9.15646,163.979,-0.247,0.307,1.526,0.394,89.7171,1.88,12,3
577101892,45.5011,9.15646,163.923,-0.235,0.282,1.311,0.368,89.7171,1.88,12,3
577198588,45.5011,9.15646,163.922,0.262,0.301,1.507,0.399,89.7171,1.88,12,3
577300204,45.5011,9.15646,163.996,0.639,0.274,1.248,0.695,89.7171,1.88,12,3
577398060,45.5011,9.15646,164.008,0.076,0.476,1.142,0.481,89.7171,1.88,12,3
577501940,45.5011,9.15646,164.041,0.639,0.434,1.068,0.772,89.7171,1.88,12,3
577598600,45.5011,9.15646,163.969,0.543,0.203,1.302,0.579,89.7171,1.88,12,3
577701180,45.5011,9.15646,163.941,-0.024,0.412,1.016,0.413,89.7171,1.88,12,3
577793840,45.5011,9.15646,164.018,0.182,0.46,0.758,0.495,89.7171,1.88,12,3
577900024,45.5011,9.15646,164.193,0.139,0.665,0.251,0.68,89.7171,1.88,12,3
577997848,45.5011,9.15646,164.31,0.379,0.858,0.349,0.938,89.7171,1.88,12,3
578100376,45.5011,9.15647,164.488,0.221,0.896,-0.277,0.923,89.7171,1.88,12,3
578199260,45.5011,9.15647,164.559,0.646,0.724,-0.31,0.97,89.7171,1.88,12,3
578301376,45.5011,9.15647,164.521,1.495,0.299,0.06,1.525,45.3744,1.88,12,3
578398592,45.5011,9.15647,164.541,1.593,0.289,0.154,1.619,26.7817,1.88,12,3
578501848,45.5011,9.15647,164.545,1.287,0.542,0.206,1.397,25.2641,1.88,12,3
578600052,45.5011,9.15647,164.557,0.457,0.786,0.038,0.909,25.2641,1.88,12,3
578701844,45.5011,9.15647,164.591,0.367,0.62,-0.219,0.72,25.2641,1.88,12,3
578797848,45.5011,9.15647,164.555,0.136,0.974,0.107,0.983,25.2641,1.88,12,3
578898600,45.5011,9.15647,164.73,0,0.707,-0.222,0.707,25.2641,1.88,12,3
578999032,45.5011,9.15647,164.731,0.635,0.543,0.271,0.835,25.2641,1.88,12,3
579096600,45.5011,9.15647,164.712,0.42,0.386,0.416,0.57,25.2641,1.88,12,3
579204604,45.5011,9.15647,164.658,0.501,0.331,0.518,0.6,25.2641,1.88,12,3
579302072,45.5011,9.15647,164.625,0.149,0.366,0.598,0.395,25.2641,1.88,12,3
579405844,45.5011,9.15647,164.592,-0.041,0.383,0.793,0.385,25.2641,1.88,12,3
579501376,45.5011,9.15647,164.451,-0.208,0.117,1.184,0.239,25.2641,1.88,12,3
579603844,45.5011,9.15647,164.365,-0.383,0.431,1.189,0.576,25.2641,1.88,12,3
579705068,45.5011,9.15647,164.346,-0.02,0.802,0.993,0.802,25.2641,1.88,12,3
579799144,45.5011,9.15647,164.397,0.291,0.579,0.747,0.648,25.2641,1.88,12,3
579893848,45.5011,9.15648,164.401,0.486,0.573,0.645,0.752,25.2641,1.88,12,3
579996628,45.5011,9.15648,164.508,0.256,0.646,0.469,0.695,25.2641,1.88,12,3
580095848,45.5011,9.15648,164.503,0.316,0.507,0.667,0.598,25.2641,1.88,12,3
580198604,45.5011,9.15648,164.512,0.357,0.437,0.149,0.564,25.2641,1.88,12,3
580294520,45.5011,9.15648,164.625,0.181,0.624,-0.185,0.65,25.2641,1.88,12,3
580390140,45.5011,9.15648,164.597,0.536,0.488,0.278,0.725,25.2641,2.01,11,3
580494096,45.5011,9.15648,164.765,1.022,0.552,0.227,1.161,26.8102,1.88,12,3
580595904,45.5011,9.15648,164.854,0.35,0.69,-0.317,0.773,26.8102,1.88,12,3
580694596,45.5011,9.15648,164.945,0.147,0.789,-0.065,0.803,26.8102,1.88,12,3
580797888,45.5011,9.15648,164.982,0.326,0.772,0.412,0.838,26.8102,2.01,11,3
580893888,45.5011,9.15648,164.995,0.848,0.37,0.341,0.925,26.8102,2.01,11,3
580997856,45.5011,9.15648,165.08,0.865,0.602,0.312,1.053,26.8102,2.01,11,3
581095884,45.5011,9.15648,165.072,0.669,0.548,0.468,0.865,26.8102,2.01,11,3
581199156,45.5011,9.15649,165.09,0.918,0.341,0.505,0.979,26.8102,1.88,12,3
581295984,45.5011,9.15649,165.144,0.836,0.292,0.577,0.886,26.8102,1.88,12,3
581397892,45.5011,9.15649,165.068,0.631,0.414,0.728,0.754,26.8102,2.01,11,3
581494620,45.5011,9.15649,165.003,0.544,0.232,0.719,0.591,26.8102,2.01,11,3
581600072,45.5011,9.15649,164.993,0.979,-0.001,1.058,0.979,26.8102,2.01,11,3
581688976,45.5011,9.15649,164.949,1.355,-0.099,1.388,1.359,6.93835,2.01,11,3
581800844,45.5011,9.15649,164.956,1.101,-0.138,1.044,1.109,1.11059,2.01,11,3
581896244,45.5011,9.15649,164.908,1.367,-0.216,1.275,1.384,354.774,2.01,11,3
582003872,45.5011,9.15649,164.925,0.917,0.169,1.18,0.933,354.774,2.01,11,3
582101104,45.5011,9.15649,165.026,1.021,0.268,1.288,1.055,354.774,1.88,12,3
582200612,45.5011,9.15649,165.057,1.129,-0.218,1.47,1.15,352.603,1.88,12,3
582298624,45.5011,9.15649,165.141,1.082,-0.222,1.244,1.105,350.578,2.01,11,3
582396624,45.5011,9.15649,165.25,0.995,0.085,1.105,0.998,350.578,1.88,12,3
582496228,45.5011,9.15649,165.316,0.422,0.25,0.851,0.49,350.578,1.88,12,3
582598796,45.5011,9.15649,165.401,0.438,0.435,0.79,0.617,350.578,1.88,12,3
582699340,45.5011,9.15649,165.394,0.584,0.263,1.006,0.641,350.578,2.01,11,3
582799164,45.5011,9.15649,165.408,0.626,0.174,0.902,0.65,350.578,1.88,12,3
582899288,45.5011,9.15649,165.404,0.551,0.345,1.267,0.65,350.578,1.88,12,3
582995884,45.5011,9.15649,165.355,0.558,-0.126,1.231,0.572,350.578,1.88,12,3
583097884,45.5011,9.15649,165.46,0.976,0.122,1.228,0.984,350.578,1.88,12,3
583200608,45.5011,9.15649,165.544,0.958,0.187,1.213,0.976,350.578,1.88,12,3
583298304,45.5011,9.15649,165.58,1.191,0.122,1.27,1.197,358.318,1.88,12,3
583399376,45.5011,9.15649,165.601,1.11,-0.069,1.019,1.112,357.421,2.01,11,3
583497928,45.5011,9.15649,165.521,0.673,0.196,1.386,0.701,357.421,2.01,11,3
583608288,45.5011,9.1565,165.552,0.681,0.46,1.302,0.822,357.421,1.88,12,3
583698624,45.5011,9.1565,165.6,0.515,0.277,1.799,0.585,357.421,1.88,12,3
583798620,45.5011,9.1565,165.776,0.588,0.156,1.387,0.608,357.421,1.88,12,3
583897480,45.5011,9.1565,165.862,1.435,1.014,0.937,1.757,23.7607,2.01,11,3
583997924,45.5011,9.1565,165.971,0.633,0.308,0.885,0.704,23.7607,2.01,11,3
584099496,45.5011,9.1565,166.035,0.411,0.413,0.926,0.583,23.7607,2.01,11,3
584196312,45.5011,9.1565,166.055,0.231,0.434,1.149,0.492,23.7607,2.01,11,3
584293912,45.5011,9.1565,166.206,0.594,0.633,1.091,0.868,23.7607,2.01,11,3
584398296,45.5011,9.1565,166.423,0.675,0.474,0.873,0.825,23.7607,2.01,11,3
584503240,45.5011,9.1565,166.452,0.641,0.506,1.255,0.817,23.7607,2.01,11,3
584602616,45.5011,9.1565,166.521,0.096,1.025,0.938,1.029,41.1476,2.01,11,3
584702628,45.5011,9.1565,166.531,0.376,0.696,1.315,0.792,41.1476,2.01,11,3
584795908,45.5011,9.15651,166.576,0.842,0.351,1.216,0.912,41.1476,2.01,11,3
584895972,45.5011,9.15651,166.545,0.654,0.392,1.304,0.762,41.1476,2.01,11,3
584996640,45.5011,9.15651,166.507,0.44,0.431,1.425,0.616,41.1476,2.01,11,3
585096240,45.5011,9.15651,166.473,0.612,0.531,1.595,0.81,41.1476,2.01,11,3
585198632,45.5011,9.15651,166.488,0.855,0.282,1.531,0.9,41.1476,2.01,11,3
585295892,45.5011,9.15651,166.434,0.332,0.424,1.447,0.539,41.1476,2.01,11,3
585400100,45.5011,9.15651,166.439,0.454,0.406,1.205,0.61,41.1476,2.01,11,3
585497876,45.5011,9.15651,166.39,0.217,0.818,1.393,0.847,41.1476,2.01,11,3
585592732,45.5011,9.15651,166.235,0.636,0,1.337,0.636,41.1476,2.01,11,3
585698228,45.5012,9.15651,166.118,0.748,0.002,1.622,0.748,41.1476,2.01,11,3
585800976,45.5012,9.15651,166.023,0.512,0.434,2.021,0.671,41.1476,2.01,11,3
585896332,45.5012,9.15651,165.895,0.191,0.417,1.862,0.459,41.1476,2.01,11,3
585999212,45.5012,9.15651,165.835,-0.464,0.659,1.455,0.806,41.1476,2.01,11,3
586097928,45.5012,9.15651,165.86,0.345,0.53,1.289,0.632,41.1476,1.88,12,3
586201352,45.5012,9.15652,165.906,0.253,0.667,1.12,0.713,41.1476,1.88,12,3
586300088,45.5012,9.15652,165.969,0.405,0.852,0.909,0.944,41.1476,1.88,12,3
586401892,45.5012,9.15652,166.062,0.266,0.841,0.17,0.882,41.1476,1.88,12,3
586497452,45.5012,9.15652,166.138,0.529,1.074,0.189,1.197,41.1476,1.88,12,3
586599460,45.5012,9.15652,166.268,0.427,1.316,-0.294,1.384,59.5383,1.88,12,3
586698252,45.5012,9.15652,166.379,0.873,1.425,-0.4,1.671,58.8685,1.88,12,3
586800920,45.5012,9.15653,166.525,1.09,1.549,-0.583,1.894,56.6485,1.88,12,3
586893880,45.5012,9.15653,166.635,1.018,1.322,-0.557,1.668,54.8054,1.88,12,3
587005884,45.5012,9.15653,166.642,1.119,1.335,-0.155,1.741,52.5739,1.88,12,3
587100644,45.5012,9.15653,166.646,1.027,1.397,0.061,1.734,53.1103,1.88,12,3
587199140,45.5012,9.15653,166.686,0.511,1.138,0.159,1.247,58.2577,1.88,12,3
587299276,45.5012,9.15653,166.85,0.382,1.469,-0.73,1.518,68.0831,1.88,12,3
587398768,45.5012,9.15654,167.005,0.865,2.053,-1.07,2.228,67.3993,1.88,12,3
587498724,45.5012,9.15654,167.123,1.109,1.921,-1.282,2.218,64.0435,1.88,12,3
587600104,45.5012,9.15654,167.246,1.147,2.14,-0.667,2.428,62.6691,1.88,12,3
587701908,45.5012,9.15654,167.416,1.118,1.679,-0.751,2.017,60.0093,1.88,12,3
587798116,45.5012,9.15655,167.477,0.417,0.988,-0.769,1.072,61.4734,1.88,12,3
587900184,45.5012,9.15655,167.451,0.336,0.735,-0.467,0.808,61.4734,1.88,12,3
587998660,45.5012,9.15655,167.513,0.924,1.27,0.089,1.571,55.8498,1.88,12,3
588099208,45.5012,9.15655,167.532,0.647,1.598,0.49,1.724,60.8853,1.88,12,3
588193960,45.5012,9.15655,167.569,1.32,1.225,0.285,1.801,51.6316,1.88,12,3
588301920,45.5012,9.15655,167.637,1.239,0.966,0.027,1.57,46.5593,1.88,12,3
588397908,45.5012,9.15655,167.58,0.564,1.073,0.318,1.212,51.8871,1.88,12,3
588501896,45.5012,9.15655,167.482,0.843,0.719,1.035,1.108,46.2032,1.88,12,3
588597928,45.5012,9.15656,167.401,-0.057,1.024,1.213,1.026,46.2032,1.88,12,3
588701104,45.5012,9.15656,167.461,0.12,0.873,0.859,0.881,46.2032,2.01,11,3
588798564,45.5012,9.15656,167.406,0.098,0.806,0.823,0.812,46.2032,2.01,11,3
588900108,45.5012,9.15656,167.389,-0.387,1.054,0.564,1.123,79.6811,2.01,11,3
588997948,45.5012,9.15656,167.391,-0.548,1.054,0.891,1.188,98.5347,2.01,11,3
589100380,45.5012,9.15656,167.262,0.591,1.163,1.556,1.304,79.5666,2.01,11,3
589197960,45.5012,9.15656,167.193,0.306,0.833,1.514,0.887,79.5666,1.88,12,3
589301936,45.5012,9.15656,167.116,0.452,0.686,1.314,0.821,79.5666,1.88,12,3
589401916,45.5012,9.15657,167.16,0.294,0.573,1.05,0.644,79.5666,1.88,12,3
589496332,45.5012,9.15657,167.24,-0.092,0.835,0.616,0.84,79.5666,1.88,12,3
589606036,45.5012,9.15657,167.271,0.288,1.192,0.613,1.227,79.5666,1.88,12,3
589606036,45.5012,9.15657,167.271,0.288,1.192,0.613,1.227,79.5666,1.88,12,3
589804272,45.5012,9.15657,167.333,0.689,0.97,0.561,1.19,65.8861,1.88,12,3
589901948,45.5012,9.15657,167.28,0.856,0.944,0.925,1.274,56.2018,1.88,12,3
590001224,45.5012,9.15657,167.347,0.593,0.701,0.492,0.918,56.2018,1.88,12,3
590098660,45.5012,9.15658,167.489,0.985,1.187,-0.2,1.542,52.7083,1.88,12,3
590200660,45.5012,9.15658,167.578,1.146,0.955,-0.005,1.492,46.6897,1.88,12,3
590298652,45.5012,9.15658,167.562,0.894,0.619,0.274,1.088,42.5603,1.88,12,3
590400920,45.5012,9.15658,167.567,0.689,1.086,0.328,1.287,51.6689,1.88,12,3
590498472,45.5012,9.15658,167.674,0.908,1.158,-0.11,1.472,51.7976,1.88,12,3
590598840,45.5012,9.15658,167.834,1.007,1.595,-0.59,1.886,55.463,1.88,12,3
590697952,45.5012,9.15658,167.94,1.042,1.212,-0.437,1.598,53.1437,1.88,12,3
590792688,45.5012,9.15659,167.951,0.627,0.742,-0.204,0.972,53.1437,1.88,12,3
590898112,45.5012,9.15659,167.953,0.161,0.873,-0.05,0.888,53.1437,2.01,11,3
591000116,45.5012,9.15659,167.955,0.331,1.308,0.069,1.349,62.7005,2.01,11,3
591098212,45.5012,9.15659,167.962,0.512,1.033,0.086,1.153,63.0722,2.01,11,3
591199144,45.5012,9.15659,167.951,0.276,1.067,0.145,1.103,68.9722,2.01,11,3
591298660,45.5012,9.15659,167.943,0.614,0.748,0.269,0.968,58.406,2.01,11,3
591401916,45.5012,9.15659,167.917,0.542,0.496,0.381,0.735,58.406,2.01,11,3
591501924,45.5012,9.15659,167.9,0.905,0.778,0.269,1.193,48.2818,2.01,11,3
591597956,45.5012,9.15659,167.839,0.9,0.771,0.487,1.185,44.4608,2.01,11,3
591701976,45.5012,9.1566,167.748,0.691,0.987,0.538,1.205,50.0554,2.01,11,3
591800428,45.5012,9.1566,167.663,1.166,0.716,0.357,1.368,40.3194,2.01,11,3
591898488,45.5012,9.1566,167.615,0.526,0.614,0.459,0.808,40.3194,2.01,11,3
592001056,45.5012,9.1566,167.513,0.556,0.698,0.243,0.892,40.3194,2.01,11,3
592093944,45.5012,9.1566,167.454,0.878,0.322,0.831,0.935,40.3194,2.01,11,3
592195928,45.5012,9.1566,167.426,0.296,0.493,0.522,0.575,40.3194,1.88,12,3
592300120,45.5012,9.1566,167.409,0.283,0.543,0.5,0.613,40.3194,1.88,12,3
592397924,45.5012,9.1566,167.422,0.474,0.64,0.127,0.796,40.3194,1.88,12,3
592501916,45.5012,9.1566,167.367,0.706,0.598,0.511,0.925,40.3194,2.01,11,3
592596124,45.5012,9.1566,167.305,0.859,0.636,0.565,1.068,39.0527,2.01,11,3
592697944,45.5012,9.1566,167.317,0.753,0.777,0.271,1.082,39.0527,2.01,11,3
592795952,45.5012,9.15661,167.351,0.697,0.56,0.251,0.894,39.0527,2.01,11,3
592897932,45.5012,9.15661,167.288,0.483,-0.124,0.102,0.499,39.0527,2.01,11,3
592995932,45.5012,9.15661,167.247,0.9,0.274,0.719,0.94,39.0527,2.01,11,3
593097936,45.5012,9.15661,167.23,0.741,0.423,0.806,0.853,39.0527,2.01,11,3
593194132,45.5012,9.15661,167.032,1.362,0.815,1.472,1.588,34.2084,2.01,11,3
593296180,45.5012,9.15661,166.787,1.707,0.095,1.693,1.709,19.4084,2.01,11,3
593388780,45.5012,9.15661,166.762,0.315,-1.177,1.028,1.219,19.4084,2.01,11,3
593500224,45.5012,9.15661,166.784,0.576,-1.03,1.152,1.18,19.4084,1.88,12,3
593596676,45.5012,9.1566,166.646,1.518,-0.008,1.57,1.518,10.6502,1.88,12,3
593700132,45.5012,9.1566,166.405,0.599,0.169,2.045,0.623,10.6502,1.88,12,3
593801224,45.5012,9.1566,166.285,0.774,0.231,2.028,0.807,10.6502,1.88,12,3
593893988,45.5012,9.15661,166.353,0.955,0.042,1.399,0.956,10.6502,1.88,12,3
593996220,45.5012,9.15661,166.595,0.469,0.376,0.544,0.601,10.6502,1.88,12,3
594101936,45.5012,9.15661,166.884,0.724,0.79,-0.134,1.072,10.6502,1.88,12,3
594199236,45.5012,9.15661,167.037,0.175,0.359,-0.436,0.399,10.6502,1.88,12,3
594302268,45.5012,9.15661,167.173,0.639,0.228,-0.485,0.678,10.6502,1.88,12,3
594400136,45.5012,9.15661,167.332,0.489,0.551,-0.547,0.737,10.6502,1.88,12,3
594505920,45.5012,9.15661,167.517,0.328,0.461,-0.878,0.566,10.6502,1.88,12,3
594606688,45.5012,9.15661,167.625,0.75,-0.185,-0.838,0.773,10.6502,1.88,12,3
594701940,45.5012,9.15661,167.923,0.872,-0.192,-1.477,0.893,10.6502,1.88,12,3
594805948,45.5012,9.15661,168.177,1.036,0.012,-1.737,1.036,10.6502,1.88,12,3
594900400,45.5012,9.15661,167.899,0.321,-0.803,-0.433,0.865,10.6502,1.88,12,3
595004408,45.5012,9.15661,167.739,0.386,-0.642,0.493,0.749,10.6502,1.88,12,3
595100920,45.5012,9.15661,167.581,0.348,-0.869,0.672,0.936,10.6502,1.88,12,3
595209940,45.5012,9.1566,167.301,0.141,-1.178,1.6,1.186,10.6502,1.88,12,3
595298708,45.5012,9.1566,167.14,0.079,-1.034,1.46,1.037,10.6502,2.23,11,3
595400424,45.5012,9.1566,167.122,0.433,-0.488,0.651,0.653,10.6502,2.23,11,3
595498688,45.5012,9.1566,167.176,0.721,-0.497,0.176,0.876,10.6502,2.23,11,3
595600232,45.5012,9.1566,166.984,0.831,-0.779,1.176,1.139,10.6502,2.23,11,3
595698716,45.5012,9.1566,167.005,0.416,0.143,0.575,0.44,10.6502,2.23,11,3
595800240,45.5012,9.1566,167.168,-0.166,0.324,-0.544,0.364,10.6502,2.37,10,3
595897944,45.5012,9.1566,167.169,0.515,-0.589,-0.787,0.783,10.6502,2.01,11,3
595996696,45.5012,9.1566,167.074,0.354,-1.282,-0.167,1.33,330.682,2.01,11,3
596100148,45.5012,9.1566,166.947,-0.199,-1.194,0.321,1.211,296.997,2.01,11,3
596205956,45.5012,9.15659,166.735,0.204,-1.535,0.859,1.549,285.294,2.01,11,3
596297956,45.5012,9.15659,166.625,0.272,-1.776,0.97,1.796,281.693,2.01,11,3
596400280,45.5012,9.15659,166.546,0.268,-1.899,0.748,1.918,279.796,2.01,11,3
596497980,45.5012,9.15659,166.215,-0.301,-1.994,1.317,2.016,269.339,2.01,11,3
596600236,45.5012,9.15658,165.835,0.303,-2.007,1.933,2.03,273.852,2.01,11,3
596700228,45.5012,9.15658,165.594,1.213,-2.045,1.965,2.378,288.996,2.01,11,3
596801420,45.5012,9.15657,165.189,1.332,-2.571,2.638,2.895,293.686,2.01,11,3
596897972,45.5012,9.15657,164.723,1.431,-2.331,3.294,2.735,297.622,2.01,11,3
597000236,45.5012,9.15657,164.487,0.857,-2.513,2.549,2.655,293.154,2.01,11,3
597098152,45.5012,9.15656,164.177,0.004,-2.416,2.499,2.416,283.925,2.01,11,3
597200232,45.5012,9.15656,163.734,-0.608,-2.18,3.224,2.263,271.65,2.01,11,3
597289996,45.5012,9.15656,163.586,-0.546,-1.92,2.499,1.996,264.685,2.37,10,3
597400224,45.5012,9.15656,163.553,0.194,-1.574,1.526,1.586,264.685,2.37,10,3
597501956,45.5012,9.15656,163.577,-0.405,-1.486,0.762,1.541,264.685,2.37,10,3
597597972,45.5012,9.15656,163.728,-0.446,-1.498,-0.291,1.563,264.685,2.37,10,3
597697976,45.5012,9.15655,163.697,0.234,-1.347,-0.178,1.367,264.685,3.59,9,3
597800232,45.5012,9.15655,163.631,0.061,-0.823,0.309,0.825,264.685,3.59,9,3
597901968,45.5012,9.15655,163.686,-0.121,0.191,0,0.226,264.685,3.59,9,3
598001960,45.5012,9.15655,163.7,0.091,-0.269,-0.204,0.284,264.685,3.59,9,3
598105028,45.5012,9.15655,163.612,-0.53,-0.314,0.135,0.616,264.685,3.59,9,3
598198012,45.5012,9.15655,163.531,-0.36,-0.705,0.311,0.791,264.685,3.59,9,3
598298000,45.5012,9.15655,163.455,-0.727,-0.473,0.379,0.867,264.685,3.59,9,3
598398024,45.5012,9.15655,163.586,-0.702,-0.435,-0.257,0.826,264.685,3.59,9,3
598495960,45.5012,9.15655,163.624,-0.302,-0.994,-0.707,1.039,264.685,3.59,9,3
598589948,45.5012,9.15655,163.553,-0.522,-1.224,-0.302,1.331,264.685,3.59,9,3
598589948,45.5012,9.15655,163.553,-0.522,-1.224,-0.302,1.331,264.685,3.59,9,3
598797592,45.5012,9.15654,163.333,0.028,-0.304,0.157,0.305,264.685,3.59,9,3
598894016,45.5012,9.15654,163.216,-0.242,-0.782,0.199,0.819,264.685,3.59,9,3
599000152,45.5012,9.15654,163.147,-0.274,-1.387,-0.031,1.414,264.685,3.59,9,3
599098372,45.5012,9.15654,163.249,-0.106,-1.281,-0.414,1.285,264.685,3.59,9,3
599196152,45.5012,9.15654,163.372,-0.401,-1.676,-0.803,1.723,264.685,3.59,9,3
599298008,45.5012,9.15654,163.874,1.262,-2.597,-1.832,2.888,286.515,3.59,9,3
599401992,45.5012,9.15653,164.564,2.886,-3.717,-3.972,4.706,302.207,3.59,9,3
599502716,45.5012,9.15653,165.099,1.341,-1.411,-3.132,1.947,302.207,3.59,9,3
599605024,45.5012,9.15653,165.324,-0.751,-0.624,-2.954,0.976,302.207,3.59,9,3
599702188,45.5012,9.15653,165.434,-1.77,-0.937,-2.634,2.003,302.207,3.59,9,3
599798732,45.5012,9.15653,165.459,-1.671,-0.912,-1.906,1.903,302.207,3.59,9,3
599889980,45.5012,9.15653,165.525,-1.258,-0.438,-2.022,1.333,302.207,3.59,9,3
600000172,45.5012,9.15653,165.56,-1.037,-0.004,-2.117,1.037,302.207,4.35,8,3
600101972,45.5012,9.15653,165.76,-0.937,0.077,-2.495,0.94,302.207,4.35,8,3
600204740,45.5012,9.15652,165.672,-1.237,0.207,-1.953,1.255,302.207,4.35,8,3
600297980,45.5012,9.15652,165.646,-0.602,0.389,-1.501,0.716,302.207,4.35,8,3
600396180,45.5012,9.15652,165.402,-1.537,-0.039,-1.075,1.537,302.207,4.35,8,3
600495396,45.5012,9.15652,165.433,-1.537,-0.361,-1.459,1.579,302.207,4.35,8,3
600596020,45.5012,9.15652,165.395,-1.301,-0.568,-1.347,1.42,302.207,4.35,8,3
600698780,45.5012,9.15652,165.044,-2.097,-0.687,-0.373,2.206,291.373,4.35,8,3
600796016,45.5012,9.15652,164.815,-2.003,-0.192,-0.184,2.012,291.373,4.35,8,3
600900244,45.5012,9.15651,164.671,-1.892,-0.139,-0.156,1.897,291.373,4.35,8,3
600996724,45.5012,9.15651,164.287,-0.703,-0.345,0.195,0.783,291.373,4.35,8,3
601098800,45.5012,9.15651,164.299,-0.287,-1.138,-0.547,1.174,291.373,4.35,8,3
601191408,45.5012,9.15651,164.125,-1.839,-1.235,-0.223,2.216,291.373,4.35,8,3
601191408,45.5012,9.15651,164.125,-1.839,-1.235,-0.223,2.216,291.373,4.35,8,3
601191408,45.5012,9.15651,164.125,-1.839,-1.235,-0.223,2.216,291.373,4.35,8,3
601503980,45.5012,9.15651,164.426,-1.138,0.178,-0.383,1.152,291.373,4.35,8,3
601601980,45.5012,9.15651,164.315,-0.774,-0.429,-0.451,0.885,291.373,4.35,8,3
601703248,45.5012,9.15651,164.506,-1.001,-0.801,-0.798,1.282,291.373,4.35,8,3
601800836,45.5012,9.1565,164.206,-0.701,-0.781,-0.187,1.05,291.373,4.35,8,3
601896232,45.5012,9.1565,164.368,0.257,-0.779,-0.827,0.82,291.373,4.35,8,3
601999136,45.5012,9.1565,164.039,0.089,-0.399,0.106,0.409,291.373,4.35,8,3
602096724,45.5012,9.1565,164.164,-1.005,-0.24,0.1,1.033,291.373,4.35,8,3
602201984,45.5012,9.1565,164.43,-0.419,-0.163,-0.823,0.449,291.373,4.35,8,3
602201984,45.5012,9.1565,164.43,-0.419,-0.163,-0.823,0.449,291.373,4.35,8,3
602398808,45.5012,9.1565,164.686,-0.289,-0.791,-1.006,0.842,291.373,4.24,9,3
602492928,45.5012,9.1565,164.676,-0.207,-1.43,-0.933,1.445,291.373,4.24,9,3
602596032,45.5012,9.1565,164.565,-0.367,-0.887,-0.32,0.96,291.373,4.24,9,3
602701160,45.5012,9.1565,164.684,-0.42,-0.865,-0.183,0.962,291.373,4.24,9,3
602796732,45.5012,9.15649,164.843,-0.531,-0.584,-0.029,0.79,291.373,4.24,9,3
602895992,45.5012,9.1565,165.189,0.023,-0.464,-0.315,0.464,291.373,4.24,9,3
602998032,45.5012,9.1565,165.491,-0.119,-0.824,-0.566,0.832,291.373,4.24,9,3
603098012,45.5012,9.1565,165.304,0.966,1.009,-0.151,1.397,291.373,4.24,9,3
603198008,45.5012,9.1565,164.973,1.271,1.782,0.613,2.189,354.328,4.24,9,3
603296044,45.5012,9.1565,164.74,0.089,0.22,0.976,0.238,354.328,4.24,9,3
603399312,45.5012,9.1565,164.905,-0.023,-0.435,0.563,0.435,354.328,4.24,9,3
603498056,45.5012,9.1565,165.173,-0.24,-0.523,0.167,0.575,354.328,4.35,8,3
603599044,45.5012,9.1565,165.275,-0.475,-0.414,0.478,0.63,354.328,4.35,8,3
603698760,45.5012,9.1565,165.372,-0.935,-0.533,0.325,1.076,354.328,4.35,8,3
603800208,45.5012,9.1565,165.749,-1.093,-0.314,0.005,1.137,354.328,2.58,9,3
603900176,45.5012,9.1565,166.049,-0.99,0.372,0.009,1.057,354.328,2.58,9,3
604000704,45.5012,9.1565,166.204,-0.782,-0.172,0.13,0.8,354.328,2.58,9,3
604096012,45.5012,9.15651,166.351,-0.927,-0.032,-0.229,0.928,354.328,2.58,9,3
604197588,45.5012,9.15651,166.426,-0.545,-0.205,-0.315,0.583,354.328,2.58,9,3
604295092,45.5012,9.15651,166.139,-0.726,-0.465,0.532,0.862,354.328,2.58,9,3
604395996,45.5012,9.15651,165.95,-1.082,-0.18,0.93,1.097,354.328,2.58,9,3
604493996,45.5012,9.15651,165.683,-0.608,0.208,1.153,0.643,354.328,2.58,9,3
604596004,45.5012,9.15651,165.253,-0.54,0.124,2.029,0.554,354.328,2.58,9,3
604697996,45.5012,9.15651,164.95,0.114,0.487,1.801,0.5,354.328,2.58,9,3
604800304,45.5012,9.15651,164.971,0.473,0.555,1.271,0.729,354.328,2.58,9,3
604896748,45.5012,9.15651,164.744,-0.216,0.428,1.747,0.48,354.328,2.58,9,3
605000200,45.5012,9.15651,164.683,-0.492,0.236,1.924,0.546,354.328,2.66,8,3
605090060,45.5012,9.15652,164.736,-0.329,0.088,1.653,0.34,354.328,2.66,8,3
605195508,45.5012,9.15652,165.147,-0.564,0.582,0.931,0.811,354.328,2.66,8,3
605296040,45.5012,9.15653,165.677,-0.417,-0.138,0.654,0.439,354.328,2.66,8,3
605398032,45.5012,9.15653,166.269,0.178,0.572,0.123,0.599,354.328,2.66,8,3
605496000,45.5012,9.15654,166.756,0.052,0.555,-0.233,0.558,354.328,2.66,8,3
605598696,45.5012,9.15654,167.042,0.381,0.289,-0.399,0.478,354.328,2.49,9,3
605696024,45.5012,9.15654,167.345,-0.578,0.578,-0.875,0.817,354.328,2.49,9,3
605793176,45.5012,9.15654,167.962,-1.291,0.397,-1.486,1.351,354.328,2.49,9,3
605895048,45.5012,9.15654,168.51,-0.821,0.556,-1.385,0.992,354.328,2.49,9,3
605996056,45.5012,9.15655,168.955,-0.177,1.347,-1.552,1.358,354.328,2.49,9,3
606096016,45.5012,9.15655,169.322,-0.268,1.629,-1.825,1.651,354.328,2.49,9,3
606196016,45.5012,9.15655,169.393,-0.629,0.934,-1.189,1.126,354.328,2.49,9,3
606297572,45.5012,9.15656,169.827,-1.096,1.307,-1.76,1.706,354.328,2.49,9,3
606386132,45.5012,9.15656,170.299,-0.65,1.296,-1.957,1.45,354.328,2.49,9,3
606495132,45.5012,9.15656,170.921,-0.691,2.118,-2.137,2.228,60.0692,2.66,8,3
606594032,45.5012,9.15657,171.784,-0.899,2.189,-2.597,2.366,87.575,2.66,8,3
606696004,45.5012,9.15657,172.814,-1.644,1.22,-3.044,2.048,112.378,2.66,8,3
606794024,45.5012,9.15657,173.092,-1.273,0.13,-3.652,1.28,112.378,4.4,7,3
606896012,45.5012,9.15657,173.232,-0.831,-1.024,-3.684,1.319,112.378,4.4,7,3
606994064,45.5012,9.15657,173.347,-1.428,-0.026,-3.522,1.429,112.378,2.66,8,3
607096052,45.5012,9.15657,173.438,-1.119,0.713,-2.765,1.326,112.378,4.4,7,3
607194064,45.5012,9.15657,173.405,-1.307,0.526,-1.922,1.409,112.378,4.4,7,3
607298060,45.5012,9.15657,173.515,-0.946,0.25,-1.287,0.978,112.378,2.66,8,3
607393712,45.5012,9.15657,173.559,-1.23,-0.279,-1.081,1.261,112.378,4.4,7,3
607498032,45.5012,9.15657,173.749,-0.412,-0.124,-0.611,0.43,112.378,4.4,7,3
607594188,45.5012,9.15657,173.71,-0.827,-0.361,0.471,0.902,112.378,2.66,8,3
607692036,45.5012,9.15657,174.024,-0.845,-0.723,0.276,1.112,112.378,2.66,8,3
607796056,45.5012,9.15657,174.261,-1.134,-0.301,0.075,1.174,112.378,2.66,8,3
607891356,45.5012,9.15657,174.546,-0.816,-0.415,0.076,0.916,112.378,2.66,8,3
607998044,45.5012,9.15657,174.795,-1.231,-0.54,-0.305,1.344,162.957,2.66,8,3
608096312,45.5012,9.15657,174.973,-0.838,-1.017,0.058,1.317,195.871,2.66,8,3
608198028,45.5012,9.15657,175.576,-1.137,-0.725,0.09,1.348,204.742,2.24,9,3
608296760,45.5012,9.15657,175.607,-1.03,-0.583,0.188,1.184,206.857,2.66,8,3
608398772,45.5012,9.15657,175.497,-0.87,-0.62,0.143,1.069,210.569,2.66,8,3
608496060,45.5012,9.15657,176.094,-0.585,-0.781,-0.206,0.976,210.569,2.24,9,3
608598720,45.5012,9.15657,176.57,-0.483,-0.778,-0.24,0.916,210.569,2.24,9,3
608696048,45.5012,9.15657,176.923,-1.018,-0.544,0.152,1.154,209.156,2.24,9,3
608798048,45.5012,9.15657,177.293,-0.913,-0.572,0.357,1.078,210.426,2.24,9,3
608898788,45.5012,9.15657,177.698,-1.198,-0.779,0.193,1.429,212.14,2.24,9,3
608996068,45.5012,9.15657,177.597,-0.993,-0.8,0.639,1.275,214.782,2.57,9,3
609098764,45.5012,9.15657,177.938,-0.913,-1.04,0.792,1.384,221.97,2.11,10,3
609202020,45.5011,9.15657,178.349,-0.966,-1.274,0.543,1.598,228.057,2.11,10,3
609304796,45.5011,9.15657,178.651,-1.018,-0.792,0.436,1.289,223.721,2.11,10,3
609404784,45.5011,9.15658,178.883,-0.611,-0.64,0.598,0.885,223.721,2.11,10,3
609506080,45.5011,9.15658,179.261,-1.105,-1.044,0.621,1.521,223.509,2.11,10,3
609604080,45.5011,9.15658,179.611,-0.793,-0.847,0.632,1.16,224.636,2.11,10,3
609702124,45.5011,9.15658,179.936,-1.037,-0.943,0.652,1.401,223.228,2.11,10,3
609797644,45.5011,9.15658,180.252,-0.686,-0.798,0.75,1.053,223.228,2.11,10,3
609904084,45.5011,9.15658,180.555,-0.693,-0.679,0.765,0.97,223.228,2.11,10,3
610004020,45.5011,9.15658,180.953,-0.517,-1.023,0.676,1.146,223.228,2.11,10,3
610098084,45.5011,9.15658,181.225,-0.519,-0.702,0.671,0.873,223.228,2.11,10,3
610200880,45.5011,9.15658,181.509,-0.472,-0.805,0.758,0.933,223.228,2.11,10,3
610296060,45.5011,9.15658,181.7,-0.732,-0.88,0.802,1.145,226.011,2.11,10,3
610397152,45.5011,9.15658,181.885,-0.83,-0.883,1.128,1.212,226.412,2.11,10,3
610501744,45.5011,9.15658,182.07,-0.798,-0.941,0.953,1.234,228.086,2.11,10,3
610604032,45.5011,9.15658,182.337,-0.021,-0.978,0.571,0.979,228.086,2.11,10,3
610698808,45.5011,9.15658,182.459,-0.135,-0.973,0.896,0.982,228.086,2.11,10,3
610804028,45.5011,9.15658,182.554,-0.439,-0.862,1.163,0.968,228.086,2.11,10,3
610898040,45.5011,9.15658,182.711,-0.306,-0.949,1.158,0.997,228.086,2.11,10,3
611004040,45.5011,9.15658,182.866,0.189,-0.984,1.128,1.002,228.086,2.11,10,3
611097344,45.5011,9.15658,183.04,-0.957,-1.249,0.645,1.574,230.652,2.11,10,3
611198080,45.5011,9.15658,183.277,-0.568,-0.747,0.543,0.938,230.652,2.11,10,3
611296216,45.5011,9.15658,183.493,0.205,-0.439,0.862,0.485,230.652,2.11,10,3
611398048,45.5011,9.15658,183.743,0.547,-0.087,0.724,0.554,230.652,2.11,10,3
611497696,45.5011,9.15659,183.964,0.016,0.65,0.522,0.65,230.652,2.11,10,3
611596036,45.5011,9.15659,184.267,0.061,0.218,0.661,0.226,230.652,2.11,10,3
611700724,45.5011,9.15659,184.535,0.46,0.86,0.309,0.976,230.652,2.01,11,3
611800300,45.5011,9.15659,184.85,0.722,0.769,0.254,1.055,230.652,2.01,11,3
611900752,45.5011,9.1566,185.31,0.711,0.488,0.164,0.862,230.652,2.01,11,3
611996088,45.5011,9.1566,185.694,-0.018,0.417,-0.359,0.417,230.652,2.01,11,3
612096076,45.5011,9.1566,186.036,-0.012,0.768,-0.242,0.768,230.652,2.01,11,3
612204060,45.5011,9.1566,186.45,0.514,0.574,-0.502,0.771,230.652,2.01,11,3
612204060,45.5011,9.1566,186.45,0.514,0.574,-0.502,0.771,230.652,2.01,11,3
612400312,45.5011,9.1566,187,0.344,0.906,-0.342,0.969,230.652,2.01,11,3
612497496,45.5011,9.15661,187.352,0.139,0.698,-0.536,0.712,230.652,2.01,11,3
612600540,45.5011,9.15661,187.462,0.595,0.383,-0.283,0.708,230.652,2.01,11,3
612698076,45.5011,9.15661,187.705,0.806,0.395,-0.142,0.897,230.652,2.01,11,3
612800976,45.5011,9.15661,188.073,0.412,0.59,-0.676,0.72,230.652,2.01,11,3
612892804,45.5011,9.15661,188.402,0.151,0.472,-0.614,0.496,230.652,2.01,11,3
613002048,45.5011,9.15661,188.771,0.107,0.52,-0.514,0.531,230.652,2.01,11,3
613094236,45.5011,9.15662,189.195,0.252,0.408,-0.668,0.48,230.652,2.01,11,3
613194108,45.5011,9.15662,189.463,0.181,0.509,-0.526,0.54,230.652,2.01,11,3
613293732,45.5011,9.15662,189.814,0.173,0.456,-0.546,0.487,230.652,2.01,11,3
613393748,45.5011,9.15662,190.206,0.132,0.501,-0.427,0.518,230.652,2.01,11,3
613498048,45.5011,9.15662,190.503,0.032,0.342,-0.287,0.343,230.652,2.01,11,3
613593632,45.5011,9.15662,190.817,0.145,0.371,-0.199,0.399,230.652,2.01,11,3
613696092,45.5011,9.15662,191.215,-0.126,0.509,-0.387,0.524,230.652,2.01,11,3
613796056,45.5011,9.15663,191.504,-0.39,0.558,-0.436,0.681,230.652,2.01,11,3
613898828,45.5011,9.15663,191.708,-0.121,0.283,0.079,0.307,230.652,2.01,11,3
613998104,45.5011,9.15663,191.915,-0.443,0.418,0.107,0.609,230.652,2.01,11,3
614093640,45.5011,9.15663,192.047,-0.149,-0.04,0.173,0.154,230.652,2.01,11,3
614194072,45.5011,9.15663,192.087,-0.376,-0.249,0.412,0.451,230.652,2.01,11,3
614296056,45.5011,9.15663,192.217,-1.428,-0.399,0.166,1.483,209.186,2.01,11,3
614398100,45.5011,9.15663,192.5,-0.78,-0.685,0.249,1.038,212.711,2.01,11,3
614496096,45.5011,9.15663,192.726,-1.128,-0.445,0.178,1.213,207.171,2.01,11,3
614598048,45.5011,9.15663,192.932,-0.97,-0.794,0.216,1.254,207.171,2.01,11,3
614700260,45.5011,9.15663,193.097,-0.759,-0.708,0.588,1.038,207.171,2.01,11,3
614800672,45.5011,9.15663,193.357,-0.629,-0.5,0.72,0.804,207.171,2.01,11,3
614897632,45.5011,9.15663,193.632,-0.622,-0.701,0.648,0.937,207.171,2.01,11,3
615000284,45.5011,9.15664,193.876,-0.502,-0.847,0.529,0.984,207.171,2.01,11,3
615102056,45.5011,9.15664,194.067,-0.288,-0.884,0.599,0.929,207.171,2.01,11,3
615198824,45.5011,9.15664,194.204,-0.619,-1.164,1.148,1.319,207.171,2.01,11,3
615300812,45.5011,9.15664,194.457,-0.418,-1.307,1.247,1.372,231.558,2.01,11,3
615400268,45.5011,9.15664,194.718,-0.285,-1.433,1.553,1.461,246.518,2.01,11,3
615496120,45.5011,9.15663,194.841,-0.298,-1.524,2.133,1.553,253.147,2.01,11,3
615598104,45.5011,9.15664,195.108,-0.592,-1.465,2.501,1.58,250.612,2.01,11,3
615702076,45.5011,9.15664,195.285,-0.803,-0.986,3.012,1.271,242.945,2.01,11,3
615798524,45.5011,9.15664,195.456,-0.21,-1.44,3.304,1.455,254.064,2.01,11,3
615900692,45.5011,9.15664,195.592,-0.128,-1.956,3.738,1.961,263.143,2.01,11,3
616000292,45.5011,9.15664,195.636,-0.546,-2.034,3.553,2.106,258.917,2.01,11,3
616100816,45.5011,9.15663,195.531,-1.002,-1.573,3.42,1.865,250.636,2.01,11,3
616200268,45.5011,9.15663,195.6,-1.02,-1.57,3.628,1.873,243.652,2.01,11,3
616302072,45.5011,9.15663,195.501,-0.938,-1.655,3.32,1.902,241.979,2.01,11,3
616397608,45.5011,9.15663,195.2,-1.143,-1.315,2.928,1.742,236.199,2.57,9,3
616500332,45.5011,9.15663,194.897,-1.193,-1.518,2.732,1.931,233.7,2.57,9,3
616599780,45.5011,9.15663,194.623,-1.064,-1.425,2.776,1.779,233.487,2.57,9,3
616700324,45.5011,9.15662,194.372,-0.909,-1.478,2.604,1.735,235.99,2.57,9,3
616791452,45.5011,9.15662,194.083,-0.906,-1.298,2.376,1.583,235.588,2.57,9,3
616898828,45.5011,9.15662,193.838,-1.151,-1.317,2.12,1.749,232.102,2.57,9,3
616998088,45.5011,9.15662,193.675,-0.963,-1.376,1.635,1.679,233.504,2.57,9,3
617100272,45.5011,9.15662,193.533,-0.825,-1.191,1.442,1.448,234.265,2.57,9,3
617197768,45.5011,9.15662,193.511,-1.137,-0.954,1.625,1.484,226.942,2.01,11,3
617299784,45.5011,9.15661,193.324,-1.206,-0.947,1.367,1.533,222.528,2.57,9,3
617398088,45.5011,9.15661,193.14,-1.104,-0.949,1.022,1.456,221.67,2.57,9,3
617500356,45.5011,9.15661,193.014,-1.044,-0.943,0.562,1.407,221.887,2.57,9,3
617600276,45.5011,9.15661,192.846,-0.97,-0.909,0.421,1.33,222.474,2.57,9,3
617700356,45.5011,9.15661,192.82,-1.065,-0.721,0.668,1.287,218.37,2.01,11,3
617798072,45.5011,9.15661,192.715,-1.26,-0.88,0.592,1.537,216.502,2.01,11,3
617900320,45.5011,9.15661,192.622,-0.989,-0.828,0.705,1.29,217.935,2.01,11,3
617998984,45.5011,9.1566,192.557,-0.949,-0.969,0.303,1.356,221.805,2.01,11,3
618096076,45.5011,9.1566,192.424,-1.092,-0.991,0.564,1.475,222.017,2.01,11,3
618201024,45.5011,9.1566,192.39,-0.998,-1.046,0.73,1.446,224.176,2.01,11,3
618300596,45.5011,9.1566,192.337,-0.832,-1.046,0.906,1.336,227.595,2.01,11,3
618400268,45.5011,9.1566,192.298,-1.092,-1.213,1.001,1.632,227.851,2.01,11,3
618498840,45.5011,9.1566,192.278,-0.903,-1.284,0.762,1.569,231.39,2.01,11,3
618598836,45.5011,9.1566,192.207,-0.827,-0.949,0.251,1.259,230.471,2.57,9,3
618698760,45.5011,9.15659,191.975,-0.91,-0.864,0.337,1.255,226.992,2.57,9,3
618798740,45.5011,9.15659,191.883,-1.112,-0.933,0.232,1.452,222.972,2.57,9,3
618899240,45.5011,9.15659,191.79,-1.004,-0.77,0.061,1.265,220.599,2.57,9,3
619002092,45.5011,9.15659,191.66,-0.952,-0.552,-0.094,1.1,220.599,2.57,9,3
619100336,45.5011,9.15659,191.659,-0.858,-0.613,-0.641,1.055,220.599,2.57,9,3
619202840,45.5011,9.15659,191.665,-1.14,-0.376,-0.99,1.201,208.989,2.57,9,3
619302092,45.5011,9.15658,191.783,-0.953,-0.645,-0.847,1.15,211.379,2.01,11,3
619400300,45.5011,9.15658,191.858,-0.981,-0.548,-0.753,1.124,210.275,2.01,11,3
619510448,45.5011,9.15658,191.668,-1.015,-0.778,-0.646,1.279,214.445,2.01,11,3
619605636,45.5011,9.15658,191.623,-0.872,-0.798,-0.736,1.182,218.076,2.01,11,3
619706216,45.5011,9.15658,191.569,-0.795,-0.704,-1.167,1.062,219.514,2.01,11,3
619800724,45.5011,9.15658,191.542,-0.993,-0.905,-0.28,1.344,221.252,2.01,11,3
619901276,45.5011,9.15657,191.59,-0.293,-0.755,-0.605,0.81,221.252,2.01,11,3
620008088,45.5011,9.15657,191.617,-0.883,-0.711,-0.87,1.134,220.249,2.01,11,3
620106132,45.5011,9.15657,191.806,-0.865,-0.491,-1.251,0.995,220.249,2.01,11,3
620204080,45.5011,9.15657,191.976,-1.339,-0.815,-0.843,1.568,214.284,2.01,11,3
620302760,45.5011,9.15657,192.001,-0.99,-0.898,-0.237,1.336,217.464,2.01,11,3
620396108,45.5011,9.15657,192.107,-0.804,-0.794,-0.416,1.13,217.464,2.01,11,3
620495712,45.5011,9.15657,192.154,-0.858,-0.901,-0.674,1.244,217.464,2.01,11,3
620597360,45.5011,9.15657,192.132,-1.035,-0.92,-0.553,1.385,219.305,2.01,11,3
620688852,45.5011,9.15656,192.194,-0.827,-0.818,-0.613,1.163,219.305,2.01,11,3
620798088,45.5011,9.15656,192.347,-0.503,-1.008,-0.65,1.126,219.305,2.01,11,3
620898084,45.5011,9.15656,192.432,-1.19,-0.781,-0.78,1.424,216.159,2.01,11,3
620998132,45.5011,9.15656,192.544,-1.115,-0.51,-0.777,1.226,210.811,2.01,11,3
621098092,45.5011,9.15656,192.579,-0.956,-0.558,-0.82,1.107,210.811,2.01,11,3
621200340,45.5011,9.15656,192.707,-0.913,-0.618,-0.909,1.103,210.811,2.01,11,3
621296108,45.5011,9.15656,192.761,-0.995,-0.605,-0.864,1.164,210.811,2.01,11,3
621398104,45.5011,9.15656,192.791,-1.496,-0.469,-0.796,1.567,202.21,2.01,11,3
621496096,45.5011,9.15656,192.919,-0.864,-0.569,-0.676,1.035,202.21,2.01,11,3
621598092,45.5011,9.15656,192.983,-0.783,-0.564,-0.587,0.965,202.21,2.01,11,3
621698100,45.5011,9.15656,193.052,-0.676,-0.582,-0.836,0.892,202.21,2.01,11,3
621802136,45.5011,9.15656,193.056,-0.768,-0.506,-0.716,0.92,202.21,2.01,11,3
621897732,45.5011,9.15656,193.043,-1.214,-0.613,-0.31,1.36,204.319,2.01,11,3
621996096,45.5011,9.15656,193.118,-0.949,-0.662,-0.471,1.157,208.418,2.01,11,3
622098096,45.5011,9.15655,193.208,-1.096,-0.369,-0.674,1.156,203.185,2.01,11,3
622198100,45.501,9.15655,193.092,-0.73,-0.587,-0.793,0.937,203.185,2.36,10,3
622300336,45.501,9.15655,192.97,-1.129,-0.586,-0.552,1.272,205.382,2.36,10,3
622404124,45.501,9.15655,192.788,-1.168,-0.623,-0.368,1.324,206.779,2.23,11,3
622504792,45.501,9.15655,192.554,-1.211,-0.715,-0.003,1.406,208.757,2.23,11,3
622600356,45.501,9.15654,192.167,-0.917,-0.967,-0.083,1.333,217.658,2.23,11,3
622702088,45.501,9.15654,192.069,-0.858,-0.712,-0.274,1.115,217.658,2.23,11,3
622800844,45.501,9.15654,191.984,-0.598,-0.789,-0.133,0.99,217.658,2.23,11,3
622905504,45.501,9.15654,191.895,-0.224,-0.22,-0.064,0.314,217.658,1.88,12,3
623002864,45.501,9.15654,191.842,-0.218,-0.037,0.198,0.221,217.658,1.88,12,3
623104140,45.501,9.15654,192.027,-0.683,-0.422,0.128,0.803,217.658,1.88,12,3
623202132,45.501,9.15654,192.172,-0.844,-0.463,-0.075,0.963,217.658,1.88,12,3
623297560,45.501,9.15654,192.331,-0.749,-0.971,-0.261,1.226,223.567,1.88,12,3
623402600,45.501,9.15654,192.588,-0.654,-1.339,-0.446,1.49,235.202,1.88,12,3
623504988,45.501,9.15653,192.746,-0.785,-0.855,-0.391,1.161,235.202,1.88,12,3
623602136,45.501,9.15653,192.982,-0.606,-0.498,-0.908,0.784,235.202,1.88,12,3
623702140,45.501,9.15653,193.163,-1.084,-0.824,-0.811,1.361,226.072,1.88,12,3
623800316,45.501,9.15653,193.34,-0.971,-0.911,-0.699,1.331,224.699,1.88,12,3
623900324,45.501,9.15653,193.435,-1.099,-0.827,-0.784,1.376,220.491,1.88,12,3
624002868,45.501,9.15653,193.488,-0.979,-0.525,-0.628,1.111,214.834,1.88,12,3
624099636,45.501,9.15653,193.797,-1.146,-0.048,-0.915,1.147,200.77,1.88,12,3
624202704,45.501,9.15653,193.753,-0.927,-0.215,-1.285,0.952,200.77,2.23,11,3
624300860,45.501,9.15653,193.607,-0.979,-0.364,-1.303,1.044,200.77,2.23,11,3
624402612,45.501,9.15653,193.479,-0.911,-0.35,-0.999,0.976,200.77,2.23,11,3
624499792,45.501,9.15653,193.473,-0.947,-0.242,-0.786,0.978,197.518,1.88,12,3
624598124,45.501,9.15653,193.508,-0.86,0.192,-0.712,0.881,197.518,1.88,12,3
624702880,45.501,9.15653,193.581,-0.829,0.012,-0.932,0.829,197.518,1.88,12,3
624810468,45.501,9.15653,193.677,-0.719,-0.11,-0.945,0.727,197.518,1.88,12,3
624908112,45.501,9.15653,193.981,-0.763,-0.384,-0.8,0.854,197.518,1.88,12,3
625009016,45.501,9.15653,194.02,-0.621,-0.039,-0.955,0.622,197.518,2.23,11,3
625104880,45.501,9.15653,193.902,-0.672,0.233,-0.998,0.711,197.518,2.23,11,3
625206112,45.501,9.15653,193.892,-0.902,0.163,-0.662,0.916,197.518,2.23,11,3
625206112,45.501,9.15653,193.892,-0.902,0.163,-0.662,0.916,197.518,2.23,11,3
625206112,45.501,9.15653,193.892,-0.902,0.163,-0.662,0.916,197.518,2.23,11,3
625508288,45.501,9.15653,193.8,-1.011,0.662,-0.517,1.208,166.187,2.23,11,3
625604124,45.501,9.15653,193.647,-0.625,0.406,-0.379,0.746,166.187,2.23,11,3
625706160,45.501,9.15653,193.567,-0.812,0.219,-0.167,0.841,166.187,2.23,11,3
625804316,45.501,9.15653,193.47,-0.784,0.308,0.023,0.842,166.187,2.23,11,3
625898556,45.501,9.15653,193.467,-0.824,0.021,-0.085,0.824,166.187,2.23,11,3
626005544,45.501,9.15653,193.456,-0.724,0.131,-0.344,0.736,166.187,2.23,11,3
626108136,45.501,9.15653,193.448,-0.632,0.112,-0.205,0.642,166.187,2.23,11,3
626206888,45.501,9.15653,193.449,-0.626,0.037,-0.319,0.628,166.187,2.23,11,3
626306124,45.501,9.15653,193.656,-0.762,-0.144,-0.627,0.776,166.187,2.23,11,3
626406108,45.501,9.15653,193.815,-0.497,-0.084,-0.863,0.504,166.187,2.23,11,3
626506172,45.501,9.15653,193.898,-0.433,0.141,-1.17,0.455,166.187,2.23,11,3
626604136,45.501,9.15653,194.091,-0.756,0.331,-1.008,0.826,166.187,2.23,11,3
626706812,45.501,9.15653,194.351,-0.506,0.214,-1.184,0.549,166.187,1.88,12,3
626804160,45.501,9.15653,194.556,-0.801,0.676,-1.183,1.048,151.594,1.87,12,3
626906124,45.501,9.15653,194.691,-0.42,0.047,-0.867,0.422,151.594,1.87,12,3
627002164,45.501,9.15653,194.714,-0.154,-0.076,-0.289,0.172,151.594,2.23,11,3
627104144,45.501,9.15653,194.77,0.135,-0.206,-0.686,0.247,151.594,2.23,11,3
627194132,45.501,9.15653,194.807,-0.401,0.527,-1.186,0.663,151.594,2.23,11,3
627302888,45.501,9.15653,194.84,-0.559,0.468,-1.17,0.729,151.594,2.23,11,3
627398112,45.501,9.15653,194.814,-0.301,0.518,-0.905,0.599,151.594,2.23,11,3
627502152,45.501,9.15653,194.919,-0.054,0.625,-0.764,0.627,151.594,2.23,11,3
627601692,45.501,9.15654,194.926,-0.149,0.642,-0.726,0.659,151.594,2.23,11,3
627700896,45.501,9.15653,194.799,0.095,0.522,-0.762,0.531,151.594,2.23,11,3
627804136,45.501,9.15653,194.8,0.093,0.211,-0.75,0.23,151.594,2.23,11,3
627902144,45.501,9.15653,194.737,0.168,0.212,-0.558,0.27,151.594,2.23,11,3
628004892,45.501,9.15653,194.673,-0.179,0.148,-0.407,0.232,151.594,2.23,11,3
628102144,45.501,9.15653,194.631,0.005,-0.047,-0.319,0.047,151.594,2.23,11,3
628204680,45.501,9.15653,194.555,-0.027,-0.016,-0.216,0.031,151.594,2.23,11,3
628302164,45.501,9.15653,194.409,-0.138,0.009,0.063,0.138,151.594,2.23,11,3
628403028,45.501,9.15653,194.298,-0.171,-0.056,0.024,0.18,151.594,2.23,11,3
628494140,45.501,9.15653,194.207,-0.351,-0.225,0.109,0.417,151.594,2.23,11,3
628604748,45.501,9.15653,194.27,-0.052,-0.21,0.22,0.216,151.594,2.23,11,3
628702148,45.501,9.15653,194.267,0.065,-0.169,0.403,0.181,151.594,2.23,11,3
628804876,45.501,9.15653,194.2,0.074,-0.025,0.435,0.079,151.594,2.23,11,3
628901552,45.501,9.15653,194.183,-0.035,-0.232,0.402,0.234,151.594,2.23,11,3
629004196,45.501,9.15653,194.187,0.03,-0.211,0.368,0.213,151.594,2.23,11,3
629098972,45.501,9.15653,194.162,0.054,-0.141,0.356,0.151,151.594,2.23,11,3
629206144,45.501,9.15653,194.066,0.034,-0.013,0.31,0.036,151.594,2.23,11,3
629300356,45.501,9.15653,193.973,-0.104,-0.114,0.411,0.154,151.594,2.23,11,3
629401744,45.501,9.15653,193.993,0.024,-0.095,0.184,0.098,151.594,2.23,11,3
629508168,45.501,9.15653,193.985,-0.01,-0.111,0.177,0.112,151.594,2.23,11,3
629607676,45.501,9.15653,193.971,0.09,0.078,0.113,0.119,151.594,1.87,12,3
629705724,45.501,9.15653,194.008,0.173,0.135,0.033,0.219,151.594,1.87,12,3
629797588,45.501,9.15653,194.023,0.044,0.284,-0.094,0.287,151.594,1.87,12,3
629904736,45.501,9.15653,194.061,-0.238,0.222,-0.327,0.326,151.594,1.87,12,3
630004912,45.501,9.15653,194.048,-0.043,0.267,-0.423,0.271,151.594,2,11,3
630108136,45.501,9.15653,194.013,-0.074,0.183,-0.436,0.197,151.594,2,11,3
630199644,45.501,9.15653,193.969,0.151,0.027,-0.533,0.153,151.594,2,11,3
630304148,45.501,9.15653,193.908,0.124,0.149,-0.533,0.194,151.594,1.87,12,3
630398700,45.501,9.15653,193.852,0.18,0.21,-0.578,0.277,151.594,1.87,12,3
630502156,45.501,9.15653,193.797,0.261,0.268,-0.753,0.374,151.594,1.87,12,3
630603744,45.501,9.15653,193.685,0.174,0.358,-0.794,0.398,151.594,1.87,12,3
630703636,45.501,9.15653,193.608,0.322,0.465,-0.688,0.566,151.594,1.87,12,3
630703636,45.501,9.15653,193.608,0.322,0.465,-0.688,0.566,151.594,1.87,12,3
630703636,45.501,9.15653,193.608,0.322,0.465,-0.688,0.566,151.594,1.87,12,3
631002160,45.501,9.15653,193.63,0.096,0.473,-1.057,0.482,151.594,1.87,12,3
631096160,45.501,9.15653,193.574,0.117,0.515,-1.02,0.528,151.594,1.87,12,3
631204172,45.501,9.15653,193.495,0.299,0.49,-1,0.574,151.594,1.87,12,3
631302908,45.501,9.15653,193.395,0.184,0.333,-1.074,0.38,151.594,1.87,12,3
631404204,45.501,9.15653,193.347,0.198,0.29,-0.887,0.351,151.594,1.87,12,3
631502920,45.501,9.15653,193.361,0.092,0.241,-1.038,0.258,151.594,1.87,12,3
631604160,45.501,9.15653,193.366,0.218,0.339,-0.954,0.403,151.594,1.87,12,3
631702168,45.501,9.15653,193.357,0.316,0.296,-0.915,0.433,151.594,1.87,12,3
631804172,45.501,9.15653,193.32,0.302,0.315,-0.932,0.436,151.594,1.87,12,3
631900776,45.501,9.15653,193.272,0.211,0.255,-0.919,0.331,151.594,1.87,12,3
632004728,45.501,9.15653,193.196,0.202,0.171,-0.669,0.265,151.594,1.87,12,3
632103844,45.501,9.15653,193.177,0.178,0.143,-0.731,0.228,151.594,1.87,12,3
632202164,45.501,9.15653,193.17,0.163,0.219,-0.744,0.273,151.594,1.87,12,3
632302916,45.501,9.15653,193.146,-0.032,0.179,-0.672,0.182,151.594,1.87,12,3
632398164,45.501,9.15653,193.167,0.05,0.237,-0.687,0.242,151.594,1.87,12,3
632498172,45.501,9.15653,193.187,-0.079,0.317,-0.702,0.326,151.594,1.87,12,3
632600384,45.501,9.15653,193.244,-0.042,0.3,-0.685,0.303,151.594,1.87,12,3
632697484,45.501,9.15653,193.273,-0.209,0.291,-0.784,0.359,151.594,1.87,12,3
632799824,45.501,9.15653,193.174,-0.025,0.014,-0.836,0.029,151.594,1.87,12,3
632896188,45.501,9.15653,192.994,-0.078,-0.289,-0.645,0.299,151.594,1.87,12,3
632999480,45.501,9.15653,192.836,-0.078,-0.26,-0.364,0.271,151.594,1.87,12,3
633096180,45.501,9.15653,192.729,0.114,-0.485,-0.293,0.498,151.594,1.87,12,3
633198912,45.501,9.15653,192.71,-0.124,0.017,-0.203,0.125,151.594,1.87,12,3
633296184,45.501,9.15653,192.761,-0.076,-0.037,-0.217,0.085,151.594,1.87,12,3
633398640,45.501,9.15653,192.78,-0.066,0.085,-0.186,0.107,151.594,1.87,12,3
633496728,45.501,9.15653,192.763,0.031,-0.041,-0.228,0.052,151.594,1.87,12,3
633598176,45.501,9.15653,192.732,0.107,-0.04,-0.187,0.115,151.594,1.87,12,3
633691492,45.501,9.15653,192.695,0.152,0.046,-0.033,0.158,151.594,1.87,12,3
633798932,45.501,9.15653,192.643,0.03,-0.043,0.13,0.052,151.594,1.87,12,3
633896184,45.501,9.15653,192.642,-0.103,0.139,0.131,0.173,151.594,1.87,12,3
634000932,45.501,9.15653,192.601,-0.064,0.063,-0.026,0.09,151.594,1.87,12,3
634101792,45.501,9.15653,192.606,0.162,-0.042,-0.187,0.167,151.594,1.87,12,3
634201504,45.501,9.15653,192.529,0.112,-0.218,-0.15,0.245,151.594,1.87,12,3
634298332,45.501,9.15653,192.476,0.282,-0.142,-0.316,0.316,151.594,1.87,12,3
